Employee ID,Department,Job Role,Job Level,Location,Joining Date,Tenure (Years),Work Arrangement,Manager/Team ID,Monthly Working Days,Present Days,Absence Days,Approved Leave Days,Overtime Hours,Training Hours,Goals Assigned,Goals Completed,Goal Achievement %,Tasks Assigned,Tasks Completed,Task Completion %,Projects Assigned,Projects Completed,Quality Score,Customer/Stakeholder Feedback Score,Productivity Score,Performance Rating,Previous Performance Rating,Performance Change,Engagement Score,Job Satisfaction Score,Recognition Count,Promotion Status,Performance Category,Development Required,Review Period
EMP1001,HR,HR Analyst,Junior,Pune,2025-11-06 0:00:00,0.9,On-site,TEAM133,20,19,1,0,3.3,7,6,5,83.3,83,72,86.7,4,2,83,4.24,73.5,4,4,0,58.8,2.5,2,Not Promoted,Exceeds Expectations,No,Q1 2026
EMP1002,Customer Support,Support Team Lead,Manager,Guwahati,2018-07-02 0:00:00,8.2,Hybrid,TEAM104,21,19,1,1,7.8,3.3,5,5,100,38,36,94.7,2,1,81.2,3.56,85,4,4,0,91.3,3.45,1,Not Promoted,Exceeds Expectations,No,Q4 2026
EMP1003,Product,Product Analyst,Senior,Pune,2022-04-24 0:00:00,4.4,Hybrid,TEAM128,23,19,2,2,9.5,17.2,7,8,114.3,63,61,96.8,3,2,83.3,4.57,94.5,5,5,0,78.1,4.26,4,Not Promoted,Exceptional,No,Q1 2026
EMP1004,IT,Software Engineer,Junior,Delhi NCR,2019-02-01 0:00:00,7.6,On-site,TEAM126,21,16,4,1,1.6,11.8,6,5,83.3,49,48,98,2,1,78.5,4.41,79.3,4,4,0,60.3,3.42,3,Not Promoted,Exceeds Expectations,No,Q4 2026
EMP1005,Marketing,Marketing Executive,Senior,Pune,2022-09-24 0:00:00,4,On-site,TEAM104,21,16,2,3,5.5,8.3,5,4,80,35,28,80,2,1,83.8,4.01,76.6,3,4,-1,80.7,3.82,0,Not Promoted,Meets Expectations,No,Q3 2026
EMP1006,Marketing,Marketing Executive,Senior,Mumbai,2025-09-27 0:00:00,1,On-site,TEAM116,22,19,0,3,11.8,8,7,7,100,88,72,81.8,1,1,78.4,4.73,87,5,5,0,76.1,3.48,1,Promoted,Exceptional,No,Q3 2026
EMP1007,Sales,Sales Executive,Mid,Delhi NCR,2022-02-26 0:00:00,4.6,Remote,TEAM137,22,18,2,2,9.4,1.8,8,7,87.5,64,55,85.9,2,2,73.9,3.96,87.5,4,5,-1,99.2,2.16,3,Promoted,Exceeds Expectations,No,Q1 2026
EMP1008,Customer Support,Customer Support Executive,Mid,Delhi NCR,2020-06-25 0:00:00,6.3,On-site,TEAM122,20,19,0,1,2.9,6.7,7,5,71.4,63,63,100,2,2,81.3,3.85,84,3,2,1,65,3.14,3,Not Promoted,Meets Expectations,No,Q1 2026
EMP1009,IT,Software Engineer,Mid,Hyderabad,2021-09-18 0:00:00,5,Hybrid,TEAM136,21,19,0,2,15.2,11.1,7,8,114.3,54,43,79.6,2,2,81.1,5,91.4,5,5,0,58.3,3.53,3,Promoted,Exceptional,No,Q1 2026
EMP1010,IT,Data Analyst,Junior,Guwahati,2023-12-15 0:00:00,2.8,Hybrid,TEAM138,21,15,2,4,7.6,8.3,8,6,75,67,57,85.1,4,3,98.9,4.16,85.5,4,5,-1,76.9,2.62,1,Not Promoted,Meets Expectations,No,Q2 2026
EMP1011,Sales,Sales Manager,Mid,Guwahati,2018-01-01 0:00:00,8.7,Hybrid,TEAM135,22,20,1,1,3.8,9.2,7,6,85.7,75,73,97.3,3,2,74.7,3.46,86.6,4,5,-1,87.1,3.1,0,Not Promoted,Meets Expectations,No,Q2 2026
EMP1012,Customer Support,Customer Support Executive,Senior,Bengaluru,2018-01-19 0:00:00,8.7,On-site,TEAM125,20,18,0,2,1.6,5.8,8,8,100,78,75,96.2,3,3,80.6,3.53,96.1,4,4,0,100,3.78,2,Not Promoted,Exceeds Expectations,No,Q2 2026
EMP1013,Product,Product Manager,Junior,Bengaluru,2019-08-07 0:00:00,7.1,On-site,TEAM108,21,16,3,2,13.9,9.3,8,6,75,70,67,95.7,3,2,79.7,4.01,81.4,3,3,0,100,3.78,1,Promoted,Meets Expectations,No,Q1 2026
EMP1014,Marketing,Digital Marketing Specialist,Mid,Pune,2019-04-01 0:00:00,7.5,Hybrid,TEAM117,21,16,2,3,15,9.7,8,6,75,56,51,91.1,4,2,78,2.68,77,3,3,0,50.2,3.76,1,Promoted,Meets Expectations,No,Q4 2026
EMP1015,Marketing,Marketing Manager,Mid,Bengaluru,2023-07-30 0:00:00,3.2,Hybrid,TEAM118,21,19,2,0,10.9,2.3,5,5,100,47,37,78.7,2,1,86.6,3.65,75.6,4,4,0,71.4,3.53,2,Not Promoted,Exceeds Expectations,No,Q3 2026
EMP1016,Marketing,Marketing Executive,Mid,Chennai,2021-02-06 0:00:00,5.6,Hybrid,TEAM150,22,22,0,0,6.9,5.8,6,3,50,41,34,82.9,2,2,100,3.94,88.1,3,2,1,54.1,3.77,0,Not Promoted,Partially Meets Expectations,Yes,Q1 2026
EMP1017,Finance,Finance Manager,Senior,Bengaluru,2024-10-28 0:00:00,1.9,Hybrid,TEAM112,21,18,0,3,8.7,4.3,5,4,80,42,42,100,3,2,79.1,3.91,85.8,4,4,0,69.7,3.24,2,Promoted,Exceeds Expectations,No,Q2 2026
EMP1018,Operations,Operations Executive,Mid,Bengaluru,2023-05-07 0:00:00,3.4,On-site,TEAM133,21,19,1,1,11.5,11.1,8,7,87.5,62,61,98.4,3,3,86.6,3.31,88.9,3,4,-1,100,4.14,1,Not Promoted,Meets Expectations,No,Q2 2026
EMP1019,Operations,Operations Analyst,Mid,Hyderabad,2025-04-03 0:00:00,1.5,Remote,TEAM123,23,23,0,0,4.5,1.8,6,5,83.3,79,61,77.2,2,2,64.8,3.75,80.5,3,3,0,60.3,4.56,0,Not Promoted,Meets Expectations,Yes,Q1 2026
EMP1020,Finance,Accountant,Senior,Delhi NCR,2023-11-21 0:00:00,2.8,Hybrid,TEAM112,22,21,0,1,5.1,1.3,6,4,66.7,77,76,98.7,2,1,78.5,4.65,78.3,3,3,0,71.8,3.91,1,Not Promoted,Meets Expectations,Yes,Q1 2026
EMP1021,IT,IT Manager,Mid,Mumbai,2020-09-14 0:00:00,6,On-site,TEAM111,20,15,0,5,8.2,8.8,8,9,112.5,43,43,100,2,2,96,4.54,99.6,5,5,0,67.6,3.52,2,Not Promoted,Exceptional,No,Q2 2026
EMP1022,Sales,Account Manager,Junior,Delhi NCR,2019-06-04 0:00:00,7.3,Remote,TEAM113,22,19,1,2,4.4,1.2,6,5,83.3,59,53,89.8,3,2,81.5,4.05,82.1,4,5,-1,59.3,2.98,2,Not Promoted,Exceeds Expectations,No,Q4 2026
EMP1023,Finance,Accountant,Mid,Hyderabad,2020-05-08 0:00:00,6.4,Hybrid,TEAM135,22,18,3,1,4.5,6,6,7,116.7,90,85,94.4,2,1,86.5,3.96,85.8,5,5,0,100,4.06,2,Not Promoted,Exceptional,No,Q2 2026
EMP1024,HR,HR Manager,Junior,Bengaluru,2018-06-23 0:00:00,8.3,Hybrid,TEAM127,22,16,4,2,8.4,15.7,5,4,80,50,50,100,4,3,76.4,3.91,81.6,4,4,0,52.1,3.38,1,Not Promoted,Exceeds Expectations,No,Q2 2026
EMP1025,Operations,Operations Executive,Junior,Chennai,2021-09-28 0:00:00,5,Hybrid,TEAM125,20,19,0,1,13.7,5.9,6,4,66.7,44,37,84.1,3,3,84.3,4.13,82.3,3,3,0,71.1,4.08,0,Promoted,Meets Expectations,Yes,Q1 2026
EMP1026,Product,Product Analyst,Mid,Chennai,2024-10-14 0:00:00,1.9,Remote,TEAM140,23,22,0,1,13.4,0.8,8,7,87.5,45,45,100,2,2,96.7,4.06,97.1,5,5,0,75.6,2.57,2,Promoted,Exceptional,No,Q4 2026
EMP1027,Marketing,Marketing Manager,Mid,Delhi NCR,2019-12-28 0:00:00,6.7,Hybrid,TEAM103,21,18,1,2,7.4,0.8,4,3,75,65,65,100,2,2,71.6,4.18,90.2,3,3,0,72,3.6,0,Not Promoted,Meets Expectations,No,Q2 2026
EMP1028,Operations,Operations Executive,Senior,Bengaluru,2022-09-07 0:00:00,4,On-site,TEAM149,20,17,0,3,6.6,2,4,3,75,46,44,95.7,2,2,100,4.28,93.7,4,3,1,68.4,3.96,3,Not Promoted,Meets Expectations,No,Q2 2026
EMP1029,IT,Data Analyst,Mid,Hyderabad,2023-02-19 0:00:00,3.6,Hybrid,TEAM125,21,19,1,1,16.6,5.7,4,4,100,65,58,89.2,1,1,68.1,3.33,90.6,4,4,0,95.8,4.04,1,Not Promoted,Exceeds Expectations,Yes,Q3 2026
EMP1030,Sales,Sales Executive,Mid,Guwahati,2025-12-07 0:00:00,0.8,Remote,TEAM145,20,20,0,0,10.5,2.5,8,6,75,48,46,95.8,1,1,77.6,3.83,89.6,3,2,1,43.1,3.21,3,Not Promoted,Meets Expectations,Yes,Q1 2026
EMP1031,IT,Data Analyst,Mid,Guwahati,2022-08-09 0:00:00,4.1,On-site,TEAM110,22,21,1,0,2.5,1.6,4,2,50,85,63,74.1,3,3,74.5,4.11,72,3,4,-1,77.7,3.55,1,Not Promoted,Meets Expectations,Yes,Q3 2026
EMP1032,Marketing,Marketing Manager,Junior,Bengaluru,2021-09-09 0:00:00,5,Hybrid,TEAM117,20,15,1,4,3.3,13.6,5,5,100,78,78,100,2,1,79.5,3.47,86.5,5,5,0,81.1,3.1,3,Promoted,Exceptional,No,Q3 2026
EMP1033,Sales,Sales Executive,Mid,Mumbai,2020-09-16 0:00:00,6,Hybrid,TEAM103,20,18,2,0,11.1,3.6,8,6,75,66,66,100,1,1,74.4,3.63,90.3,3,3,0,76.5,4.01,2,Not Promoted,Meets Expectations,No,Q2 2026
EMP1034,Customer Support,Support Team Lead,Junior,Pune,2025-05-10 0:00:00,1.4,Hybrid,TEAM145,22,20,1,1,13,8.8,8,6,75,84,84,100,2,2,73.7,3.88,92.8,4,4,0,61.2,3.89,1,Not Promoted,Meets Expectations,No,Q1 2026
EMP1035,Customer Support,Customer Support Executive,Manager,Hyderabad,2019-02-24 0:00:00,7.6,Hybrid,TEAM122,21,14,4,3,1.3,2.1,8,5,62.5,87,79,90.8,4,4,71.3,3.91,83.1,3,3,0,89.1,2.97,1,Not Promoted,Meets Expectations,Yes,Q4 2026
EMP1036,Product,Product Manager,Junior,Hyderabad,2019-08-17 0:00:00,7.1,Remote,TEAM138,20,18,0,2,6.5,2.2,6,7,116.7,51,44,86.3,2,2,87.8,4.12,92.4,5,5,0,91.6,4.41,3,Not Promoted,Exceptional,No,Q2 2026
EMP1037,Finance,Finance Manager,Mid,Mumbai,2024-12-07 0:00:00,1.8,On-site,TEAM114,20,20,0,0,3.5,15.2,6,4,66.7,69,57,82.6,3,2,79.9,3.53,74.2,3,3,0,60.5,3.18,1,Not Promoted,Meets Expectations,Yes,Q4 2026
EMP1038,Sales,Sales Executive,Junior,Bengaluru,2022-11-10 0:00:00,3.9,On-site,TEAM127,20,16,3,1,8.4,3.8,6,5,83.3,35,34,97.1,2,1,77.5,4.53,75.4,4,4,0,56.5,3.32,2,Promoted,Exceeds Expectations,No,Q4 2026
EMP1039,IT,Data Analyst,Manager,Mumbai,2024-09-25 0:00:00,2,On-site,TEAM142,21,19,1,1,16.3,4.9,7,7,100,63,53,84.1,2,1,84.5,3.9,81.8,5,4,1,55,4.76,7,Promoted,Exceptional,No,Q1 2026
EMP1040,Operations,Operations Manager,Mid,Chennai,2020-07-24 0:00:00,6.2,Remote,TEAM120,22,19,0,3,2.4,1,5,5,100,85,75,88.2,1,1,68.5,4.08,92.1,4,4,0,76.6,4.81,0,Not Promoted,Exceeds Expectations,Yes,Q3 2026
EMP1041,Sales,Sales Manager,Mid,Guwahati,2021-01-12 0:00:00,5.7,Hybrid,TEAM148,20,19,1,0,4.5,11.8,8,7,87.5,38,36,94.7,2,1,84.8,3.8,75.9,4,4,0,74.4,2.8,2,Not Promoted,Exceeds Expectations,No,Q1 2026
EMP1042,Operations,Operations Executive,Junior,Pune,2021-02-10 0:00:00,5.6,On-site,TEAM118,20,18,2,0,6.1,6.1,8,5,62.5,57,48,84.2,2,1,81.2,4.13,76.5,3,3,0,66.8,2.84,0,Not Promoted,Meets Expectations,Yes,Q4 2026
EMP1043,Sales,Sales Executive,Senior,Delhi NCR,2018-11-28 0:00:00,7.8,Remote,TEAM113,22,21,1,0,2.5,19.6,6,4,66.7,62,62,100,2,2,81.4,4.92,89.9,4,3,1,100,3.32,0,Promoted,Exceeds Expectations,Yes,Q2 2026
EMP1044,Customer Support,Customer Support Executive,Junior,Mumbai,2025-05-26 0:00:00,1.3,Remote,TEAM142,22,22,0,0,1.2,4.7,8,7,87.5,50,45,90,2,2,86.7,3.79,88,4,4,0,67.2,4.7,1,Not Promoted,Exceeds Expectations,No,Q4 2026
EMP1045,Finance,Accountant,Senior,Hyderabad,2023-09-20 0:00:00,3,Remote,TEAM106,21,16,4,1,3.6,7.9,8,6,75,46,34,73.9,2,1,96.8,3.7,75.7,4,4,0,75.6,3.36,1,Promoted,Meets Expectations,No,Q2 2026
EMP1046,IT,Software Engineer,Junior,Mumbai,2022-11-29 0:00:00,3.8,Remote,TEAM110,22,22,0,0,23.9,8.7,4,4,100,87,72,82.8,3,2,84.9,3.54,80.3,4,4,0,71.1,2.75,2,Not Promoted,Exceeds Expectations,No,Q2 2026
EMP1047,Finance,Finance Manager,Junior,Pune,2020-08-16 0:00:00,6.1,On-site,TEAM137,21,18,1,2,5.7,6.4,8,8,100,55,55,100,3,3,80.2,3.97,96.2,4,3,1,100,4.8,0,Not Promoted,Exceeds Expectations,No,Q1 2026
EMP1048,Operations,Operations Manager,Junior,Pune,2018-04-15 0:00:00,8.4,Hybrid,TEAM129,21,19,0,2,5.8,4.7,7,7,100,79,64,81,2,2,71.4,3.96,86.4,4,4,0,45.6,3.84,3,Not Promoted,Exceeds Expectations,Yes,Q4 2026
EMP1049,Operations,Operations Executive,Mid,Mumbai,2018-07-21 0:00:00,8.2,Hybrid,TEAM106,21,19,0,2,11.1,9.8,6,4,66.7,51,50,98,2,1,60.5,4.03,73.6,3,3,0,68.2,5,2,Not Promoted,Meets Expectations,Yes,Q3 2026
EMP1050,Marketing,Marketing Executive,Mid,Bengaluru,2024-11-02 0:00:00,1.9,Remote,TEAM139,21,17,2,2,6.4,7.5,5,6,120,74,68,91.9,4,2,83.2,4.26,84.7,5,5,0,84,4.22,2,Not Promoted,Exceptional,No,Q4 2026
EMP1051,Customer Support,Support Team Lead,Junior,Delhi NCR,2023-01-17 0:00:00,3.7,Hybrid,TEAM111,23,18,2,3,17.2,3.3,5,5,100,47,41,87.2,3,3,70.7,4.19,86.3,5,5,0,71.3,3.69,0,Not Promoted,Exceptional,No,Q4 2026
EMP1052,Product,Product Manager,Senior,Pune,2023-02-10 0:00:00,3.6,Hybrid,TEAM148,20,18,0,2,8.2,12.4,4,3,75,86,86,100,4,3,59.1,3.99,81,3,3,0,54,3.7,1,Not Promoted,Meets Expectations,Yes,Q3 2026
EMP1053,Customer Support,Customer Support Executive,Mid,Bengaluru,2023-06-20 0:00:00,3.3,Hybrid,TEAM125,22,20,1,1,4,9.5,5,5,100,66,51,77.3,2,2,78.8,5,85.5,4,4,0,76,3.47,0,Not Promoted,Exceeds Expectations,No,Q1 2026
EMP1054,Customer Support,Customer Support Executive,Mid,Delhi NCR,2021-07-13 0:00:00,5.2,On-site,TEAM144,20,19,1,0,11.5,4.7,5,6,120,71,59,83.1,3,3,84.2,4.38,94.5,5,5,0,52.4,4.37,1,Promoted,Exceptional,No,Q4 2026
EMP1055,IT,IT Support Specialist,Mid,Delhi NCR,2020-06-28 0:00:00,6.2,Hybrid,TEAM144,22,18,1,3,2.3,6.5,6,4,66.7,84,75,89.3,2,1,88.7,3.4,77.9,3,3,0,81.4,4.7,1,Promoted,Meets Expectations,Yes,Q4 2026
EMP1056,Customer Support,Customer Support Executive,Mid,Hyderabad,2018-07-29 0:00:00,8.2,Remote,TEAM130,22,17,4,1,5.3,8.4,6,5,83.3,49,49,100,1,1,91.6,3.15,94,4,4,0,67.6,2.65,2,Not Promoted,Exceeds Expectations,No,Q2 2026
EMP1057,Sales,Account Manager,Mid,Bengaluru,2019-07-17 0:00:00,7.2,Remote,TEAM120,22,21,0,1,3.2,7.2,7,3,42.9,46,41,89.1,3,2,89.9,3.62,78.5,2,3,-1,62.5,4.24,0,Not Promoted,Partially Meets Expectations,Yes,Q4 2026
EMP1058,Marketing,Marketing Manager,Junior,Hyderabad,2025-07-23 0:00:00,1.2,On-site,TEAM137,20,18,1,1,2.7,18.6,4,4,100,83,77,92.8,3,2,90.1,4.08,87.9,5,5,0,89.3,3.2,0,Not Promoted,Exceptional,No,Q3 2026
EMP1059,Sales,Sales Executive,Junior,Pune,2022-04-13 0:00:00,4.5,On-site,TEAM116,22,19,1,2,14.8,4.9,5,5,100,49,42,85.7,1,1,68.8,3.57,86.7,4,4,0,59.1,5,1,Not Promoted,Exceeds Expectations,Yes,Q2 2026
EMP1060,Finance,Finance Manager,Senior,Bengaluru,2020-02-10 0:00:00,6.6,On-site,TEAM131,21,20,1,0,12.9,6.4,7,6,85.7,68,64,94.1,1,1,80.7,3.65,88.7,4,4,0,52.3,4.51,0,Not Promoted,Exceeds Expectations,No,Q1 2026
EMP1061,HR,HR Executive,Manager,Bengaluru,2024-11-06 0:00:00,1.9,Hybrid,TEAM129,22,20,2,0,8.4,18.6,4,3,75,40,35,87.5,3,2,87.2,4.01,83.4,3,3,0,59.7,2.86,3,Not Promoted,Meets Expectations,No,Q2 2026
EMP1062,Finance,Financial Analyst,Mid,Chennai,2025-06-07 0:00:00,1.3,Remote,TEAM106,22,18,1,3,21.5,8.6,5,3,60,51,49,96.1,1,1,82.4,3.81,84.2,3,3,0,100,4.16,1,Not Promoted,Meets Expectations,Yes,Q3 2026
EMP1063,Product,Product Analyst,Junior,Bengaluru,2019-09-21 0:00:00,7,On-site,TEAM129,22,18,2,2,3.8,8.9,5,5,100,82,80,97.6,1,1,80.6,2.87,97.4,4,4,0,59.8,4.24,2,Not Promoted,Exceeds Expectations,No,Q3 2026
EMP1064,HR,HR Analyst,Mid,Pune,2022-06-17 0:00:00,4.3,Hybrid,TEAM132,21,17,1,3,11.4,7.5,6,7,116.7,83,73,88,2,2,82.3,4.59,95.1,5,5,0,80.8,3.4,6,Not Promoted,Exceptional,No,Q2 2026
EMP1065,Finance,Accountant,Mid,Mumbai,2022-08-29 0:00:00,4.1,Remote,TEAM109,21,20,0,1,17,3.4,8,6,75,54,43,79.6,1,1,84.2,4.46,90.6,4,3,1,84.6,2.96,1,Not Promoted,Meets Expectations,No,Q1 2026
EMP1066,Operations,Operations Manager,Junior,Bengaluru,2019-01-22 0:00:00,7.7,Hybrid,TEAM137,21,18,1,2,7.9,5.3,4,4,100,43,39,90.7,3,2,81.3,3.29,83.8,4,5,-1,60.7,3.67,3,Promoted,Exceeds Expectations,No,Q2 2026
EMP1067,Marketing,Marketing Executive,Junior,Pune,2023-04-20 0:00:00,3.4,Hybrid,TEAM123,20,13,2,5,6.7,2.9,5,3,60,39,39,100,2,2,74.4,4.03,88.8,3,3,0,59.1,3.49,0,Not Promoted,Meets Expectations,Yes,Q1 2026
EMP1068,Product,Product Analyst,Senior,Mumbai,2024-06-01 0:00:00,2.3,Hybrid,TEAM116,23,17,1,5,4.4,11.1,4,4,100,57,47,82.5,2,1,66.7,3.39,76.8,3,3,0,74.8,3.15,2,Promoted,Meets Expectations,Yes,Q2 2026
EMP1069,Sales,Account Manager,Mid,Mumbai,2024-04-24 0:00:00,2.4,Hybrid,TEAM118,22,21,1,0,11.4,8.7,7,6,85.7,67,63,94,3,2,80.2,3.67,82.2,4,4,0,76.3,4.57,0,Not Promoted,Exceeds Expectations,No,Q3 2026
EMP1070,Customer Support,Customer Support Executive,Junior,Mumbai,2021-01-09 0:00:00,5.7,On-site,TEAM119,23,22,0,1,2,4.3,7,5,71.4,72,56,77.8,2,1,82.5,4.27,73.4,3,3,0,91.3,3.08,1,Not Promoted,Meets Expectations,No,Q4 2026
EMP1071,Product,Product Manager,Junior,Delhi NCR,2018-09-25 0:00:00,8,Hybrid,TEAM144,21,19,0,2,1.3,7,8,6,75,90,72,80,2,2,82.4,4.45,84.8,4,4,0,62.1,3.55,0,Not Promoted,Meets Expectations,No,Q4 2026
EMP1072,Marketing,Marketing Executive,Junior,Bengaluru,2024-10-02 0:00:00,2,Hybrid,TEAM102,22,17,2,3,9.9,4.8,5,4,80,48,48,100,3,2,90.6,4.43,86.2,4,5,-1,68.8,3.81,2,Not Promoted,Exceeds Expectations,No,Q1 2026
EMP1073,Sales,Sales Manager,Mid,Mumbai,2024-04-01 0:00:00,2.5,Remote,TEAM110,22,18,2,2,3.5,6.9,6,6,100,51,49,96.1,2,2,92.2,4.13,97.7,5,5,0,100,4.2,6,Not Promoted,Exceptional,No,Q1 2026
EMP1074,Product,Product Analyst,Junior,Chennai,2023-01-31 0:00:00,3.6,Hybrid,TEAM112,22,19,0,3,3.9,9.7,5,3,60,53,50,94.3,2,2,81.1,4.7,88.2,4,4,0,48.4,4.22,4,Not Promoted,Exceeds Expectations,Yes,Q1 2026
EMP1075,IT,Software Engineer,Junior,Bengaluru,2023-06-22 0:00:00,3.3,Hybrid,TEAM146,22,19,2,1,3,6.3,4,3,75,67,45,67.2,3,3,81.1,3.66,80.1,3,3,0,43.7,3.28,1,Not Promoted,Meets Expectations,Yes,Q3 2026
EMP1076,Product,Product Manager,Senior,Delhi NCR,2021-10-12 0:00:00,5,On-site,TEAM118,21,16,4,1,8.4,16.2,7,6,85.7,35,30,85.7,3,3,87.2,3.79,87.9,4,4,0,54.2,1.85,0,Not Promoted,Exceeds Expectations,No,Q2 2026
EMP1077,Product,Product Analyst,Junior,Bengaluru,2021-05-21 0:00:00,5.3,Hybrid,TEAM119,22,21,0,1,7.7,3.2,4,3,75,47,45,95.7,3,2,85.8,2.57,82.1,4,3,1,88.3,3.63,2,Not Promoted,Meets Expectations,No,Q3 2026
EMP1078,Sales,Sales Executive,Mid,Hyderabad,2019-07-28 0:00:00,7.2,On-site,TEAM138,21,18,0,3,3,2.6,8,9,112.5,80,60,75,4,3,78,3.95,83,4,4,0,67.3,4.14,2,Not Promoted,Exceeds Expectations,No,Q4 2026
EMP1079,HR,HR Analyst,Junior,Bengaluru,2018-02-18 0:00:00,8.6,On-site,TEAM137,20,18,1,1,7.5,4.8,7,5,71.4,61,53,86.9,3,3,87.9,4.32,89.5,4,4,0,67,3.58,1,Not Promoted,Exceeds Expectations,No,Q1 2026
EMP1080,Sales,Sales Manager,Junior,Chennai,2021-02-24 0:00:00,5.6,Hybrid,TEAM127,21,19,1,1,8,10.7,6,5,83.3,40,39,97.5,3,3,80.7,4.16,89.1,4,5,-1,59.3,3.5,0,Not Promoted,Meets Expectations,No,Q2 2026
EMP1081,Customer Support,Support Team Lead,Junior,Mumbai,2018-08-11 0:00:00,8.1,Remote,TEAM148,23,22,0,1,5.8,7.4,7,5,71.4,40,30,75,3,2,80.9,3.66,75.1,4,3,1,85.8,4.2,0,Not Promoted,Meets Expectations,No,Q4 2026
EMP1082,IT,Data Analyst,Senior,Bengaluru,2021-12-02 0:00:00,4.8,On-site,TEAM114,22,21,1,0,13.4,1.4,5,6,120,67,49,73.1,1,1,85.9,4.46,87.2,5,5,0,56.2,3.99,1,Not Promoted,Exceptional,No,Q4 2026
EMP1083,HR,HR Analyst,Senior,Guwahati,2022-03-09 0:00:00,4.5,Hybrid,TEAM145,23,22,0,1,6.2,1.9,5,5,100,64,48,75,2,2,79.3,3.96,87.6,4,3,1,65.6,2.49,4,Not Promoted,Exceeds Expectations,No,Q4 2026
EMP1084,Sales,Account Manager,Senior,Bengaluru,2022-12-25 0:00:00,3.8,Remote,TEAM134,22,16,1,5,9.5,16.7,7,5,71.4,80,75,93.8,3,2,82.9,4.42,83,3,3,0,59.3,3.58,2,Not Promoted,Meets Expectations,No,Q3 2026
EMP1085,Finance,Accountant,Mid,Mumbai,2024-05-13 0:00:00,2.4,On-site,TEAM102,21,17,0,4,6.4,5.9,8,8,100,69,58,84.1,2,2,84.7,4.27,95.7,4,4,0,36.6,3.24,1,Not Promoted,Exceeds Expectations,Yes,Q1 2026
EMP1086,Finance,Accountant,Mid,Bengaluru,2022-01-01 0:00:00,4.7,Hybrid,TEAM144,20,17,0,3,7.9,11.1,5,4,80,57,56,98.2,1,1,89.4,4.78,95,4,4,0,67.2,3.72,3,Not Promoted,Exceeds Expectations,No,Q4 2026
EMP1087,Product,UX Designer,Junior,Pune,2021-02-04 0:00:00,5.6,Hybrid,TEAM133,21,16,2,3,6.3,5.3,5,5,100,44,40,90.9,2,1,88.7,4.19,83,5,4,1,74.5,2.46,0,Not Promoted,Exceptional,No,Q1 2026
EMP1088,IT,IT Support Specialist,Junior,Mumbai,2022-08-09 0:00:00,4.1,Hybrid,TEAM119,20,16,3,1,3.1,10.7,6,5,83.3,85,85,100,2,2,84.4,4.34,88.9,4,4,0,63.4,4.49,3,Not Promoted,Exceeds Expectations,No,Q3 2026
EMP1089,Customer Support,Customer Success Specialist,Senior,Bengaluru,2024-10-03 0:00:00,2,On-site,TEAM127,21,15,3,3,5.1,4.2,7,5,71.4,53,41,77.4,2,1,58.5,3.96,67.3,2,2,0,66.9,3.67,0,Not Promoted,Partially Meets Expectations,Yes,Q4 2026
EMP1090,Operations,Operations Executive,Junior,Delhi NCR,2025-04-12 0:00:00,1.5,Hybrid,TEAM148,21,18,2,1,13.9,2.8,5,5,100,85,79,92.9,3,2,84.2,3.72,86.1,5,4,1,71,3.99,3,Promoted,Exceptional,No,Q3 2026
EMP1091,Sales,Account Manager,Junior,Hyderabad,2019-01-10 0:00:00,7.7,Hybrid,TEAM130,21,14,2,5,16.5,7.9,8,6,75,62,51,82.3,4,3,85.6,4.27,81,3,3,0,70.4,4.85,1,Not Promoted,Meets Expectations,No,Q3 2026
EMP1092,IT,IT Manager,Junior,Bengaluru,2023-10-22 0:00:00,2.9,Hybrid,TEAM107,23,21,1,1,9.4,16.8,4,5,125,57,55,96.5,3,3,87.4,4.83,98.8,5,5,0,60.9,3.89,0,Not Promoted,Exceptional,No,Q1 2026
EMP1093,Product,Product Analyst,Junior,Bengaluru,2023-07-15 0:00:00,3.2,On-site,TEAM127,21,19,0,2,8.3,4.1,7,5,71.4,38,35,92.1,3,3,73.4,3.66,84.4,3,3,0,56.9,2.57,2,Not Promoted,Meets Expectations,No,Q4 2026
EMP1094,IT,Data Analyst,Junior,Guwahati,2020-11-19 0:00:00,5.8,Hybrid,TEAM121,22,18,1,3,2.1,2.2,6,7,116.7,54,43,79.6,2,2,62.9,3.86,82.7,5,5,0,74.9,3.69,4,Not Promoted,Exceptional,Yes,Q3 2026
EMP1095,Product,Product Manager,Mid,Hyderabad,2023-03-05 0:00:00,3.6,On-site,TEAM107,22,22,0,0,8.1,15.2,5,4,80,53,47,88.7,2,1,89.3,4.01,76.7,4,4,0,52.9,3.97,0,Not Promoted,Exceeds Expectations,No,Q4 2026
EMP1096,Operations,Operations Manager,Mid,Delhi NCR,2022-12-29 0:00:00,3.7,Hybrid,TEAM148,21,19,0,2,2.8,1.3,8,7,87.5,76,69,90.8,2,2,71,4.38,84.1,4,4,0,71.2,3.75,3,Not Promoted,Exceeds Expectations,No,Q1 2026
EMP1097,Operations,Operations Executive,Senior,Mumbai,2022-01-14 0:00:00,4.7,On-site,TEAM125,21,16,1,4,5.4,2.1,7,7,100,61,51,83.6,2,2,93,4.19,94.7,5,5,0,97.6,5,5,Promoted,Exceptional,No,Q3 2026
EMP1098,Operations,Operations Executive,Senior,Pune,2024-02-21 0:00:00,2.6,Remote,TEAM138,20,18,0,2,8.2,2.1,8,6,75,68,66,97.1,1,1,76.8,4.5,86.1,4,4,0,72.7,3.17,0,Promoted,Exceeds Expectations,No,Q1 2026
EMP1099,Sales,Sales Manager,Mid,Pune,2021-03-25 0:00:00,5.5,Hybrid,TEAM118,21,17,4,0,4.2,9.6,8,8,100,38,30,78.9,2,2,72.8,5,89.3,4,4,0,48,4.29,1,Not Promoted,Exceeds Expectations,Yes,Q4 2026
EMP1100,Sales,Sales Manager,Junior,Delhi NCR,2025-12-04 0:00:00,0.8,Hybrid,TEAM133,22,20,1,1,7.7,14.7,6,3,50,90,90,100,3,2,85.1,3.65,77.6,3,3,0,74.7,4.29,3,Not Promoted,Meets Expectations,Yes,Q4 2026
EMP1101,Sales,Sales Manager,Mid,Pune,2020-11-30 0:00:00,5.8,On-site,TEAM133,20,17,2,1,5.2,9.5,7,5,71.4,72,72,100,2,2,87.5,4.34,96.4,3,4,-1,84.1,3.9,2,Not Promoted,Meets Expectations,No,Q1 2026
EMP1102,IT,IT Support Specialist,Mid,Bengaluru,2023-09-02 0:00:00,3.1,Hybrid,TEAM132,21,19,1,1,7.9,4.7,5,4,80,41,38,92.7,4,4,87,4.18,85.3,5,5,0,63.3,3.85,4,Promoted,Exceptional,No,Q2 2026
EMP1103,Finance,Financial Analyst,Junior,Bengaluru,2018-12-26 0:00:00,7.7,Remote,TEAM125,21,16,2,3,23.4,7.1,6,4,66.7,82,82,100,2,2,86.5,4.01,90.5,4,4,0,69.1,3.06,1,Not Promoted,Exceeds Expectations,Yes,Q3 2026
EMP1104,Operations,Operations Executive,Mid,Bengaluru,2025-02-20 0:00:00,1.6,Remote,TEAM114,23,21,1,1,12,7.6,5,4,80,41,36,87.8,2,2,75.6,4.33,85.7,5,5,0,62,3.42,3,Promoted,Exceptional,No,Q4 2026
EMP1105,Customer Support,Customer Success Specialist,Mid,Guwahati,2025-06-12 0:00:00,1.3,Hybrid,TEAM138,22,16,4,2,5.5,9.4,4,4,100,84,81,96.4,2,1,68.3,3.85,77.8,4,5,-1,67.5,4.05,2,Not Promoted,Exceeds Expectations,Yes,Q4 2026
EMP1106,Finance,Accountant,Mid,Delhi NCR,2023-08-04 0:00:00,3.1,Hybrid,TEAM138,22,18,2,2,19.9,9.1,8,8,100,86,79,91.9,3,2,78.5,4.18,83.7,5,5,0,65.3,3.56,2,Promoted,Exceptional,No,Q3 2026
EMP1107,Operations,Operations Manager,Mid,Chennai,2021-02-15 0:00:00,5.6,Hybrid,TEAM104,20,16,2,2,11.8,13.8,4,4,100,60,59,98.3,2,2,71.7,3.28,91.7,4,4,0,79.6,3.84,1,Not Promoted,Exceeds Expectations,No,Q1 2026
EMP1108,Product,UX Designer,Junior,Guwahati,2022-06-24 0:00:00,4.3,Remote,TEAM144,22,19,1,2,4.2,3.5,8,6,75,60,60,100,1,1,85.9,3.7,92.1,4,3,1,96.3,4.61,0,Not Promoted,Exceeds Expectations,No,Q1 2026
EMP1109,Marketing,Marketing Manager,Manager,Bengaluru,2021-11-04 0:00:00,4.9,Hybrid,TEAM118,22,20,2,0,3.9,9.4,6,6,100,88,84,95.5,2,2,89.9,4.58,93.5,5,5,0,75.3,2.51,2,Not Promoted,Exceptional,No,Q1 2026
EMP1110,Sales,Account Manager,Senior,Mumbai,2023-04-28 0:00:00,3.4,Hybrid,TEAM110,22,18,2,2,12.3,4.1,5,4,80,53,53,100,4,4,83.6,4.55,93,4,4,0,51.6,3.76,0,Not Promoted,Exceeds Expectations,No,Q2 2026
EMP1111,Finance,Accountant,Junior,Chennai,2019-11-10 0:00:00,6.9,Hybrid,TEAM135,23,16,2,5,7.3,8.7,5,5,100,43,36,83.7,2,2,82,4.14,90.1,4,4,0,100,5,3,Not Promoted,Exceeds Expectations,No,Q2 2026
EMP1112,Marketing,Digital Marketing Specialist,Senior,Bengaluru,2024-10-23 0:00:00,1.9,Hybrid,TEAM135,21,21,0,0,2.7,6.6,6,6,100,54,47,87,3,2,79.2,3.75,85.5,4,4,0,82,3.58,4,Not Promoted,Exceeds Expectations,No,Q4 2026
EMP1113,Customer Support,Customer Success Specialist,Mid,Mumbai,2018-01-07 0:00:00,8.7,On-site,TEAM140,23,21,1,1,6.7,3.7,7,6,85.7,76,76,100,3,2,90.8,4.45,86,4,4,0,84.9,3.04,1,Not Promoted,Exceeds Expectations,No,Q1 2026
EMP1114,Product,Product Manager,Senior,Guwahati,2024-10-04 0:00:00,2,Hybrid,TEAM123,23,21,1,1,4.8,5,4,3,75,79,76,96.2,1,1,65.5,4.68,84,3,3,0,71.5,3.46,1,Not Promoted,Meets Expectations,Yes,Q3 2026
EMP1115,IT,Data Analyst,Senior,Bengaluru,2022-05-11 0:00:00,4.4,Hybrid,TEAM125,20,17,1,2,3.5,2.2,4,3,75,84,78,92.9,3,3,71.1,3.77,88.9,3,3,0,75.7,2.77,2,Not Promoted,Meets Expectations,No,Q4 2026
EMP1116,Customer Support,Customer Success Specialist,Mid,Chennai,2020-04-12 0:00:00,6.5,Hybrid,TEAM101,21,20,1,0,5.8,1.1,5,4,80,50,41,82,2,2,98.4,3.2,87,3,2,1,67.7,3.82,3,Not Promoted,Meets Expectations,No,Q3 2026
EMP1117,Product,UX Designer,Junior,Chennai,2025-02-19 0:00:00,1.6,On-site,TEAM118,23,21,2,0,7,4.6,5,4,80,88,88,100,2,1,70.7,4.25,75.2,4,4,0,86,3.81,0,Not Promoted,Exceeds Expectations,No,Q4 2026
EMP1118,Marketing,Marketing Manager,Junior,Guwahati,2022-12-16 0:00:00,3.8,Hybrid,TEAM115,20,18,0,2,18.2,20.1,5,5,100,51,42,82.4,3,2,86.8,4.5,82.3,4,4,0,67.3,3.88,0,Not Promoted,Exceeds Expectations,No,Q2 2026
EMP1119,Customer Support,Support Team Lead,Mid,Chennai,2020-07-02 0:00:00,6.2,Hybrid,TEAM125,22,22,0,0,13.2,1.1,6,6,100,56,44,78.6,3,3,88.6,4.32,85.2,5,5,0,81.2,3.73,1,Promoted,Exceptional,No,Q4 2026
EMP1120,Operations,Operations Manager,Mid,Delhi NCR,2023-07-05 0:00:00,3.2,Hybrid,TEAM132,23,22,0,1,6.5,18.4,7,6,85.7,47,43,91.5,1,1,64.7,4.86,89.5,4,3,1,86.4,3.99,1,Not Promoted,Meets Expectations,Yes,Q2 2026
EMP1121,Product,Product Manager,Junior,Pune,2021-12-13 0:00:00,4.8,On-site,TEAM120,22,17,1,4,1.2,2.6,4,3,75,46,30,65.2,3,3,66.4,4.86,73.7,3,4,-1,89,4.18,1,Not Promoted,Partially Meets Expectations,Yes,Q4 2026
EMP1122,Customer Support,Customer Support Executive,Junior,Mumbai,2021-12-21 0:00:00,4.8,Hybrid,TEAM117,21,18,1,2,3.6,1.6,8,7,87.5,44,42,95.5,3,3,93.4,3.83,93.6,4,4,0,87.4,3.1,0,Promoted,Meets Expectations,No,Q1 2026
EMP1123,Finance,Accountant,Senior,Mumbai,2022-02-11 0:00:00,4.6,Hybrid,TEAM111,22,19,1,2,6.5,3.5,6,5,83.3,35,33,94.3,4,4,73.2,4.11,89.8,4,4,0,58.8,3.81,1,Not Promoted,Exceeds Expectations,No,Q3 2026
EMP1124,Sales,Sales Executive,Manager,Mumbai,2018-05-06 0:00:00,8.4,Hybrid,TEAM113,21,21,0,0,2.2,4.9,4,3,75,66,57,86.4,2,2,73.5,3.73,81.8,4,4,0,94.9,4.89,3,Not Promoted,Meets Expectations,No,Q1 2026
EMP1125,Marketing,Marketing Manager,Mid,Delhi NCR,2024-09-08 0:00:00,2,Hybrid,TEAM125,21,17,1,3,5.2,5.7,7,4,57.1,64,56,87.5,4,4,77.3,3.44,80.8,3,3,0,81.3,3.19,0,Not Promoted,Meets Expectations,Yes,Q4 2026
EMP1126,Operations,Operations Analyst,Junior,Bengaluru,2020-03-27 0:00:00,6.5,Hybrid,TEAM120,20,18,0,2,10.2,0.9,6,4,66.7,42,37,88.1,2,2,73.3,3.47,80.6,3,3,0,76.1,3.96,0,Not Promoted,Meets Expectations,Yes,Q4 2026
EMP1127,Product,UX Designer,Junior,Guwahati,2023-01-04 0:00:00,3.7,Remote,TEAM125,22,20,1,1,9.8,4.2,4,4,100,55,45,81.8,1,1,86.7,4.39,85.9,4,4,0,79.3,4.63,2,Not Promoted,Exceeds Expectations,No,Q4 2026
EMP1128,Customer Support,Customer Success Specialist,Junior,Bengaluru,2019-07-30 0:00:00,7.2,On-site,TEAM142,21,18,1,2,3.9,1,6,4,66.7,56,51,91.1,3,2,71.4,4.17,76.5,3,3,0,70.3,2.95,3,Not Promoted,Meets Expectations,Yes,Q2 2026
EMP1129,Sales,Sales Manager,Senior,Hyderabad,2024-06-30 0:00:00,2.2,Remote,TEAM145,22,18,1,3,6.1,6.5,4,3,75,52,46,88.5,3,2,64.3,4.49,77.9,3,2,1,66,4.18,4,Not Promoted,Meets Expectations,Yes,Q3 2026
EMP1130,Operations,Operations Executive,Junior,Bengaluru,2021-11-16 0:00:00,4.9,Hybrid,TEAM149,22,21,0,1,6.1,15.3,4,4,100,36,33,91.7,2,2,92.4,5,95.4,5,5,0,69.9,3.55,2,Not Promoted,Exceptional,No,Q3 2026
EMP1131,Operations,Operations Executive,Mid,Delhi NCR,2020-07-18 0:00:00,6.2,On-site,TEAM131,22,20,2,0,14.9,5.1,7,7,100,82,73,89,2,2,71.8,4.27,91.4,5,5,0,92.5,4.58,3,Promoted,Exceptional,No,Q4 2026
EMP1132,Marketing,Marketing Executive,Junior,Chennai,2022-01-03 0:00:00,4.7,On-site,TEAM101,22,21,1,0,9.3,2.2,8,5,62.5,78,67,85.9,1,1,75.2,3.57,78.6,3,3,0,73,3.19,2,Promoted,Meets Expectations,Yes,Q4 2026
EMP1133,Sales,Account Manager,Mid,Guwahati,2020-04-12 0:00:00,6.5,Hybrid,TEAM116,20,18,1,1,3.6,2,7,7,100,43,40,93,2,1,89.5,4.57,83,5,5,0,79.7,3.79,3,Not Promoted,Exceptional,No,Q2 2026
EMP1134,HR,HR Executive,Mid,Delhi NCR,2020-11-20 0:00:00,5.8,Hybrid,TEAM148,22,19,0,3,7.1,5,4,4,100,37,36,97.3,2,1,82.6,3.56,81.5,4,4,0,74.4,2.76,1,Not Promoted,Exceeds Expectations,No,Q1 2026
EMP1135,Customer Support,Customer Success Specialist,Senior,Mumbai,2022-07-07 0:00:00,4.2,Hybrid,TEAM128,20,17,1,2,7.9,0.8,6,4,66.7,88,75,85.2,2,2,92,4.96,87.1,3,3,0,63.3,3.92,1,Not Promoted,Meets Expectations,Yes,Q1 2026
EMP1136,Finance,Financial Analyst,Junior,Pune,2023-03-16 0:00:00,3.5,Hybrid,TEAM121,23,21,1,1,8.8,4.7,7,5,71.4,60,56,93.3,2,1,89.6,2.92,78.6,3,3,0,41.8,3.71,1,Not Promoted,Meets Expectations,Yes,Q3 2026
EMP1137,Operations,Operations Executive,Junior,Bengaluru,2021-12-28 0:00:00,4.7,Hybrid,TEAM130,20,20,0,0,4.7,4.9,8,8,100,55,52,94.5,4,3,77.9,3.7,86.7,4,4,0,84.6,4.2,1,Not Promoted,Exceeds Expectations,No,Q2 2026
EMP1138,IT,Data Analyst,Junior,Hyderabad,2025-11-24 0:00:00,0.8,Hybrid,TEAM103,21,20,1,0,11.3,3.3,4,3,75,64,49,76.6,2,2,91.2,4.34,86.3,4,5,-1,83,4.15,2,Not Promoted,Exceeds Expectations,No,Q4 2026
EMP1139,HR,HR Analyst,Senior,Pune,2021-10-31 0:00:00,4.9,On-site,TEAM134,22,20,1,1,4.9,10.9,7,4,57.1,62,62,100,3,2,83.5,4.65,79.5,3,3,0,72.2,3.66,1,Not Promoted,Meets Expectations,Yes,Q3 2026
EMP1140,Customer Support,Customer Support Executive,Senior,Chennai,2019-03-19 0:00:00,7.5,Hybrid,TEAM106,21,19,1,1,15.1,3.3,7,4,57.1,70,70,100,4,3,76.6,3.63,83.3,3,3,0,56.3,2.6,1,Not Promoted,Partially Meets Expectations,Yes,Q2 2026
EMP1141,Customer Support,Customer Success Specialist,Mid,Hyderabad,2023-10-24 0:00:00,2.9,Hybrid,TEAM143,20,15,0,5,8.8,7.1,7,6,85.7,60,53,88.3,2,1,84.6,3.53,79.8,4,4,0,98.9,4.63,3,Promoted,Exceeds Expectations,No,Q1 2026
EMP1142,Finance,Financial Analyst,Mid,Mumbai,2019-07-11 0:00:00,7.2,On-site,TEAM129,22,16,2,4,7.2,7.5,7,5,71.4,68,60,88.2,1,1,70.2,4.08,81.8,3,3,0,67.8,3.65,1,Not Promoted,Meets Expectations,No,Q2 2026
EMP1143,Operations,Operations Analyst,Mid,Delhi NCR,2021-03-24 0:00:00,5.5,On-site,TEAM103,22,18,2,2,13.3,13.4,6,5,83.3,42,37,88.1,1,1,89.5,5,86,4,4,0,76.6,4.02,2,Not Promoted,Exceeds Expectations,No,Q1 2026
EMP1144,Finance,Finance Manager,Junior,Pune,2023-07-31 0:00:00,3.2,Hybrid,TEAM133,22,20,1,1,3.1,5.4,8,7,87.5,44,42,95.5,3,2,88.3,3.15,88,4,4,0,64,3.52,1,Not Promoted,Exceeds Expectations,No,Q2 2026
EMP1145,Finance,Finance Manager,Senior,Delhi NCR,2018-12-29 0:00:00,7.7,Hybrid,TEAM111,21,16,5,0,14.8,3,8,9,112.5,82,78,95.1,2,2,83.1,3.83,97.3,5,5,0,55.7,4.83,4,Not Promoted,Exceptional,No,Q3 2026
EMP1146,Sales,Sales Manager,Mid,Guwahati,2024-10-31 0:00:00,1.9,Remote,TEAM145,22,22,0,0,13.2,6.1,4,3,75,89,66,74.2,2,1,64.7,4.14,68,3,3,0,80,3.43,2,Not Promoted,Meets Expectations,Yes,Q1 2026
EMP1147,IT,IT Support Specialist,Mid,Chennai,2021-06-11 0:00:00,5.3,Remote,TEAM105,21,20,1,0,11.1,9.9,5,5,100,77,63,81.8,2,1,92.4,3.56,82.6,5,5,0,53.7,3.14,2,Not Promoted,Exceptional,No,Q3 2026
EMP1148,Operations,Operations Manager,Mid,Hyderabad,2023-01-16 0:00:00,3.7,Hybrid,TEAM150,22,20,1,1,4.2,9.9,6,7,116.7,84,80,95.2,2,2,85.9,3.56,96.8,5,5,0,78.2,2.77,3,Promoted,Exceptional,No,Q3 2026
EMP1149,Sales,Sales Executive,Junior,Delhi NCR,2024-04-28 0:00:00,2.4,Hybrid,TEAM132,22,20,0,2,11.7,9.2,4,4,100,88,78,88.6,2,2,81.8,3.87,91.1,4,4,0,76.6,3.84,2,Not Promoted,Exceeds Expectations,No,Q1 2026
EMP1150,Finance,Finance Manager,Junior,Bengaluru,2023-01-25 0:00:00,3.7,Hybrid,TEAM147,21,18,0,3,15.5,3.6,4,4,100,48,38,79.2,4,4,80.4,4.16,86.7,4,4,0,57.6,4.78,2,Not Promoted,Exceeds Expectations,No,Q1 2026
EMP1151,Customer Support,Support Team Lead,Senior,Delhi NCR,2023-12-13 0:00:00,2.8,Hybrid,TEAM118,21,18,1,2,8.1,6,7,4,57.1,74,74,100,2,2,77.2,3.89,88.9,3,2,1,53.8,3.62,0,Not Promoted,Meets Expectations,Yes,Q4 2026
EMP1152,Marketing,Marketing Manager,Junior,Mumbai,2020-06-29 0:00:00,6.2,On-site,TEAM147,20,19,1,0,8.8,5.7,5,5,100,89,73,82,4,3,78.9,4.81,82.7,4,4,0,63.4,3.78,1,Not Promoted,Exceeds Expectations,No,Q4 2026
EMP1153,Marketing,Marketing Manager,Mid,Delhi NCR,2018-09-02 0:00:00,8.1,Hybrid,TEAM120,20,18,1,1,4.3,10.7,5,5,100,49,44,89.8,4,2,88.9,4.33,82.1,5,5,0,65.9,4.29,1,Promoted,Exceptional,No,Q4 2026
EMP1154,Operations,Operations Analyst,Junior,Bengaluru,2019-06-26 0:00:00,7.2,Remote,TEAM139,20,17,0,3,9.2,2,6,5,83.3,51,45,88.2,2,2,77.3,4.21,90.2,4,4,0,51.6,3.62,0,Not Promoted,Meets Expectations,No,Q3 2026
EMP1155,Customer Support,Customer Support Executive,Mid,Delhi NCR,2024-12-07 0:00:00,1.8,Hybrid,TEAM149,21,21,0,0,3.5,9.1,5,6,120,87,69,79.3,2,1,79.5,4.57,84.7,5,5,0,60,4.38,3,Not Promoted,Exceptional,No,Q3 2026
EMP1156,Finance,Finance Manager,Junior,Chennai,2023-12-10 0:00:00,2.8,Hybrid,TEAM140,22,21,1,0,11.4,6.8,4,4,100,52,48,92.3,3,2,80.9,4.22,86.5,5,4,1,75.4,4.63,2,Not Promoted,Exceptional,No,Q4 2026
EMP1157,IT,IT Manager,Mid,Guwahati,2023-12-13 0:00:00,2.8,Hybrid,TEAM128,21,18,0,3,9.9,25,5,5,100,66,62,93.9,3,2,81.1,3.76,86.2,4,4,0,100,3.61,2,Not Promoted,Exceeds Expectations,No,Q3 2026
EMP1158,Product,UX Designer,Senior,Chennai,2022-04-22 0:00:00,4.4,On-site,TEAM113,23,22,1,0,4.7,10.8,5,5,100,72,61,84.7,2,1,76.4,3.86,77.8,4,4,0,88.2,2.95,2,Not Promoted,Exceeds Expectations,No,Q3 2026
EMP1159,Marketing,Marketing Manager,Junior,Mumbai,2024-01-27 0:00:00,2.7,Hybrid,TEAM126,20,19,1,0,12.5,2.7,8,7,87.5,57,49,86,4,3,80.5,3.38,82.6,4,5,-1,76.1,4.21,0,Not Promoted,Exceeds Expectations,No,Q1 2026
EMP1160,Product,Product Analyst,Mid,Pune,2018-05-04 0:00:00,8.4,Hybrid,TEAM116,22,19,2,1,6.8,5.5,4,2,50,80,77,96.2,1,1,85.1,5,82.8,3,3,0,88.3,4.09,1,Not Promoted,Meets Expectations,Yes,Q1 2026
EMP1161,HR,HR Analyst,Mid,Hyderabad,2025-05-17 0:00:00,1.4,On-site,TEAM125,22,17,2,3,7.9,7.3,5,4,80,57,40,70.2,2,2,73.9,4.51,80.2,3,4,-1,88.8,3.21,2,Not Promoted,Meets Expectations,No,Q3 2026
EMP1162,IT,Software Engineer,Mid,Delhi NCR,2022-09-28 0:00:00,4,On-site,TEAM110,21,18,2,1,7.6,3.7,5,5,100,69,56,81.2,2,1,80.5,2.59,82.7,3,3,0,68.4,3.24,3,Not Promoted,Meets Expectations,No,Q4 2026
EMP1163,IT,Data Analyst,Manager,Hyderabad,2020-02-25 0:00:00,6.6,Remote,TEAM129,20,18,1,1,6.8,3.7,7,5,71.4,73,67,91.8,2,2,99.4,4.73,92.7,4,4,0,77.3,3.33,1,Not Promoted,Exceeds Expectations,No,Q2 2026
EMP1164,Operations,Operations Manager,Senior,Pune,2023-08-06 0:00:00,3.1,On-site,TEAM146,22,20,0,2,4.7,11.2,5,4,80,49,42,85.7,1,1,81.4,3.19,83.6,3,3,0,86.4,3.96,2,Not Promoted,Meets Expectations,No,Q4 2026
EMP1165,Sales,Sales Manager,Junior,Mumbai,2024-02-27 0:00:00,2.6,Hybrid,TEAM138,21,20,0,1,9.2,3.5,5,3,60,87,74,85.1,2,1,73.6,4.29,71.3,3,3,0,87.9,4.53,0,Not Promoted,Meets Expectations,Yes,Q2 2026
EMP1166,Product,Product Analyst,Junior,Bengaluru,2024-08-13 0:00:00,2.1,On-site,TEAM120,23,22,0,1,12.1,19,8,9,112.5,58,57,98.3,1,1,72.6,2.79,95.5,4,3,1,89.9,4.58,3,Not Promoted,Exceeds Expectations,No,Q4 2026
EMP1167,Finance,Financial Analyst,Junior,Delhi NCR,2020-03-07 0:00:00,6.6,Remote,TEAM126,22,19,1,2,11.4,5,4,5,125,62,52,83.9,2,2,70.6,3.76,93.1,5,5,0,61.2,4.13,3,Not Promoted,Exceptional,No,Q1 2026
EMP1168,Marketing,Digital Marketing Specialist,Mid,Pune,2018-03-18 0:00:00,8.5,On-site,TEAM132,23,18,3,2,3.2,0.8,6,4,66.7,50,50,100,3,2,96.6,4.74,83.8,4,4,0,90.2,3.71,1,Not Promoted,Exceeds Expectations,Yes,Q3 2026
EMP1169,Sales,Account Manager,Junior,Hyderabad,2018-02-28 0:00:00,8.6,Hybrid,TEAM139,21,18,2,1,6.8,4.5,4,4,100,50,36,72,3,2,91.1,4.77,81.3,4,4,0,99.9,5,3,Not Promoted,Exceeds Expectations,No,Q3 2026
EMP1170,IT,Software Engineer,Mid,Hyderabad,2024-10-14 0:00:00,1.9,Remote,TEAM138,22,18,0,4,4,4.6,7,5,71.4,74,50,67.6,3,2,70.4,4.17,71.1,2,1,1,92.1,3.94,1,Not Promoted,Partially Meets Expectations,Yes,Q1 2026
EMP1171,IT,Data Analyst,Mid,Mumbai,2025-05-09 0:00:00,1.4,Remote,TEAM149,22,19,2,1,8.3,6.9,4,4,100,73,72,98.6,2,1,83.9,4.43,82.8,5,5,0,60.1,3.35,0,Not Promoted,Exceptional,No,Q2 2026
EMP1172,Sales,Sales Executive,Mid,Pune,2022-03-04 0:00:00,4.6,On-site,TEAM124,22,22,0,0,2.2,3.9,5,5,100,40,32,80,2,1,93,3.22,80.1,5,5,0,55.6,2.67,1,Promoted,Exceptional,No,Q2 2026
EMP1173,Operations,Operations Analyst,Senior,Bengaluru,2023-04-21 0:00:00,3.4,Remote,TEAM131,21,20,0,1,2.3,4.4,7,7,100,36,29,80.6,1,1,81.6,4.3,87.9,4,4,0,79.8,3.57,1,Promoted,Exceeds Expectations,No,Q2 2026
EMP1174,Marketing,Marketing Executive,Junior,Delhi NCR,2023-11-27 0:00:00,2.8,Hybrid,TEAM140,22,20,2,0,4.7,8.1,4,4,100,88,88,100,2,2,77.6,4.47,96.9,5,5,0,95.2,4.24,3,Not Promoted,Exceptional,No,Q1 2026
EMP1175,IT,Software Engineer,Junior,Guwahati,2021-07-25 0:00:00,5.2,Hybrid,TEAM112,21,20,0,1,15.3,10.2,7,8,114.3,47,40,85.1,1,1,100,5,100,5,4,1,78.9,2.76,3,Not Promoted,Exceptional,No,Q2 2026
EMP1176,Marketing,Marketing Executive,Senior,Bengaluru,2018-03-09 0:00:00,8.5,On-site,TEAM136,22,21,1,0,7.9,2.6,6,4,66.7,78,77,98.7,3,3,64.9,3.66,79.3,3,3,0,68.2,3.06,1,Not Promoted,Partially Meets Expectations,Yes,Q1 2026
EMP1177,IT,IT Manager,Mid,Mumbai,2024-06-10 0:00:00,2.3,On-site,TEAM110,21,19,0,2,4.4,5.3,4,2,50,81,68,84,3,2,100,4.01,80.2,3,3,0,70.2,3.4,2,Not Promoted,Partially Meets Expectations,Yes,Q4 2026
EMP1178,HR,HR Analyst,Senior,Mumbai,2023-04-17 0:00:00,3.4,Hybrid,TEAM106,23,20,1,2,9.9,0.9,5,4,80,43,40,93,2,2,82.5,4.04,92.1,4,4,0,87.2,3.37,2,Not Promoted,Meets Expectations,No,Q4 2026
EMP1179,Customer Support,Customer Success Specialist,Mid,Hyderabad,2025-06-14 0:00:00,1.3,Hybrid,TEAM107,20,18,0,2,8.7,8.6,7,4,57.1,68,58,85.3,3,3,93.6,4.38,87.5,3,3,0,67.5,3.12,0,Not Promoted,Meets Expectations,Yes,Q1 2026
EMP1180,Sales,Account Manager,Junior,Mumbai,2018-12-31 0:00:00,7.7,Hybrid,TEAM131,22,20,1,1,16.6,5.1,8,5,62.5,51,41,80.4,1,1,71.2,4.48,77.1,2,2,0,77.9,4.51,0,Not Promoted,Partially Meets Expectations,Yes,Q3 2026
EMP1181,HR,HR Executive,Senior,Mumbai,2020-03-31 0:00:00,6.5,Hybrid,TEAM127,22,18,3,1,8.7,4.6,7,5,71.4,61,61,100,2,2,75.5,4.58,87.6,4,5,-1,71.6,2.64,3,Not Promoted,Exceeds Expectations,No,Q4 2026
EMP1182,Sales,Account Manager,Senior,Bengaluru,2021-11-03 0:00:00,4.9,Hybrid,TEAM108,22,22,0,0,5.9,6.4,8,6,75,63,63,100,3,2,72.3,4.54,77.5,4,4,0,60.8,3.72,4,Not Promoted,Exceeds Expectations,No,Q2 2026
EMP1183,Customer Support,Customer Success Specialist,Senior,Mumbai,2024-07-18 0:00:00,2.2,On-site,TEAM103,21,20,0,1,11.7,5.7,5,4,80,71,59,83.1,2,1,81.1,3.19,70.1,3,3,0,58.7,3.92,2,Not Promoted,Meets Expectations,No,Q1 2026
EMP1184,Customer Support,Customer Support Executive,Junior,Bengaluru,2020-08-04 0:00:00,6.1,Hybrid,TEAM140,21,17,2,2,3.2,4.6,6,6,100,77,68,88.3,2,1,84.8,2.56,81.2,3,3,0,79.8,3.48,3,Not Promoted,Meets Expectations,No,Q2 2026
EMP1185,Finance,Finance Manager,Mid,Guwahati,2022-04-27 0:00:00,4.4,On-site,TEAM147,23,18,3,2,6.2,7.9,8,6,75,56,56,100,3,2,91.6,3.72,86.4,4,4,0,35.3,3.21,2,Not Promoted,Exceeds Expectations,Yes,Q2 2026
EMP1186,IT,Software Engineer,Mid,Delhi NCR,2021-10-09 0:00:00,5,Hybrid,TEAM121,21,19,0,2,5.1,5.8,6,5,83.3,85,68,80,3,3,66.6,3.98,81.8,3,3,0,79.4,3.77,1,Not Promoted,Meets Expectations,Yes,Q3 2026
EMP1187,Product,Product Manager,Junior,Delhi NCR,2021-12-10 0:00:00,4.8,Hybrid,TEAM101,22,19,1,2,3.8,20.6,7,7,100,58,47,81,3,3,83.4,3.66,91.3,4,4,0,71,4.12,3,Not Promoted,Exceeds Expectations,No,Q2 2026
EMP1188,Operations,Operations Executive,Senior,Delhi NCR,2020-02-01 0:00:00,6.6,Remote,TEAM145,22,21,0,1,4.7,14.2,5,4,80,41,39,95.1,3,2,90.1,3.75,92.8,4,4,0,86.2,4.86,0,Not Promoted,Meets Expectations,No,Q3 2026
EMP1189,Operations,Operations Manager,Junior,Mumbai,2018-12-07 0:00:00,7.8,On-site,TEAM150,22,18,2,2,5.8,8.5,8,7,87.5,68,68,100,4,3,91.7,3.82,89.4,4,3,1,82.4,2.99,3,Not Promoted,Exceeds Expectations,No,Q4 2026
EMP1190,Finance,Financial Analyst,Manager,Mumbai,2019-01-18 0:00:00,7.7,On-site,TEAM115,21,15,2,4,8.5,4.3,7,6,85.7,82,74,90.2,1,1,78,4.32,85.6,4,4,0,74.2,3.15,3,Not Promoted,Exceeds Expectations,No,Q1 2026
EMP1191,Sales,Account Manager,Mid,Pune,2020-09-30 0:00:00,6,On-site,TEAM107,22,21,0,1,1.3,2.7,4,2,50,46,46,100,1,1,78.1,3.43,85.9,2,2,0,55.5,2.99,0,Not Promoted,Partially Meets Expectations,Yes,Q2 2026
EMP1192,Customer Support,Support Team Lead,Junior,Mumbai,2022-04-06 0:00:00,4.5,On-site,TEAM115,22,22,0,0,7,7.9,7,3,42.9,57,46,80.7,2,2,81.2,3.96,77.7,3,3,0,57.3,3.56,1,Not Promoted,Partially Meets Expectations,Yes,Q1 2026
EMP1193,Customer Support,Customer Success Specialist,Mid,Mumbai,2018-10-27 0:00:00,7.9,On-site,TEAM125,20,14,3,3,8.4,15.2,6,5,83.3,49,46,93.9,1,1,83.7,3.96,89,4,4,0,63.9,3.38,1,Not Promoted,Meets Expectations,No,Q2 2026
EMP1194,IT,IT Support Specialist,Senior,Guwahati,2018-05-19 0:00:00,8.4,Remote,TEAM103,23,21,0,2,12.7,9.7,5,5,100,67,58,86.6,2,2,93.7,4.31,96,5,5,0,86.7,4.3,3,Not Promoted,Exceptional,No,Q1 2026
EMP1195,HR,HR Manager,Senior,Bengaluru,2018-12-25 0:00:00,7.8,On-site,TEAM130,20,18,0,2,3.3,26.3,5,6,120,47,47,100,2,2,71.1,4.64,94.7,5,5,0,100,3.57,4,Not Promoted,Exceptional,No,Q2 2026
EMP1196,HR,HR Executive,Senior,Mumbai,2020-04-15 0:00:00,6.4,On-site,TEAM114,21,19,1,1,11,1.3,7,6,85.7,57,57,100,2,2,74.9,4.93,90.5,4,5,-1,78.7,3.21,3,Not Promoted,Exceeds Expectations,No,Q2 2026
EMP1197,Product,Product Analyst,Mid,Mumbai,2022-03-03 0:00:00,4.6,Hybrid,TEAM104,20,19,0,1,4.6,12.3,4,4,100,72,72,100,2,2,70,3.59,92.3,5,5,0,66,3.16,1,Not Promoted,Exceptional,No,Q2 2026
EMP1198,Customer Support,Customer Success Specialist,Senior,Delhi NCR,2022-06-16 0:00:00,4.3,Hybrid,TEAM136,20,19,1,0,3.7,4.7,6,5,83.3,66,55,83.3,3,2,85.8,2.9,78.2,4,5,-1,66.5,3.74,2,Not Promoted,Exceeds Expectations,No,Q2 2026
EMP1199,Customer Support,Customer Support Executive,Senior,Delhi NCR,2023-06-06 0:00:00,3.3,Hybrid,TEAM103,23,21,0,2,5.2,3.4,7,6,85.7,79,71,89.9,1,1,91.9,3.87,87.3,4,3,1,66.9,4.3,1,Not Promoted,Exceeds Expectations,No,Q2 2026
EMP1200,Product,Product Analyst,Junior,Delhi NCR,2021-07-27 0:00:00,5.2,On-site,TEAM105,21,18,1,2,5.8,10.8,7,8,114.3,84,79,94,2,1,69.2,3.13,83.6,5,5,0,89,3.86,4,Promoted,Exceptional,Yes,Q2 2026
EMP1201,IT,IT Support Specialist,Mid,Hyderabad,2024-12-05 0:00:00,1.8,Hybrid,TEAM125,21,19,0,2,3.6,3.6,5,3,60,69,58,84.1,3,2,82.8,5,78.9,4,4,0,66.7,3.3,3,Not Promoted,Exceeds Expectations,Yes,Q2 2026
EMP1202,Sales,Sales Executive,Junior,Pune,2020-06-27 0:00:00,6.2,On-site,TEAM131,21,17,2,2,15.7,4.5,6,6,100,35,32,91.4,3,3,91.3,3.52,97.2,4,4,0,73.5,3.06,1,Not Promoted,Exceeds Expectations,No,Q2 2026
EMP1203,Marketing,Marketing Manager,Manager,Hyderabad,2021-02-08 0:00:00,5.6,On-site,TEAM111,22,20,1,1,7.4,6.3,4,5,125,81,80,98.8,2,2,89.1,4.31,100,5,5,0,94.6,4.9,2,Promoted,Exceptional,No,Q2 2026
EMP1204,Customer Support,Support Team Lead,Manager,Chennai,2025-12-23 0:00:00,0.8,Remote,TEAM108,22,20,2,0,13.3,10.4,5,5,100,79,67,84.8,1,1,89,4.51,89.9,4,4,0,65.8,2.51,4,Not Promoted,Exceeds Expectations,No,Q1 2026
EMP1205,IT,IT Support Specialist,Junior,Guwahati,2023-12-27 0:00:00,2.7,On-site,TEAM126,21,19,1,1,8.7,5.1,7,8,114.3,39,32,82.1,2,1,71.3,4.19,79.9,5,5,0,82.5,3.7,2,Promoted,Exceptional,No,Q3 2026
EMP1206,Sales,Account Manager,Senior,Bengaluru,2020-09-22 0:00:00,6,Hybrid,TEAM102,21,20,0,1,21.7,6.5,5,4,80,47,39,83,1,1,88.9,5,83.5,3,3,0,85.2,4.33,0,Not Promoted,Meets Expectations,No,Q2 2026
EMP1207,Sales,Account Manager,Senior,Guwahati,2024-10-18 0:00:00,1.9,Hybrid,TEAM128,23,20,1,2,15.2,3.6,5,4,80,88,67,76.1,1,1,80.3,3.89,83.1,4,4,0,73.9,3.61,3,Not Promoted,Meets Expectations,No,Q3 2026
EMP1208,IT,Data Analyst,Junior,Delhi NCR,2024-12-31 0:00:00,1.7,Hybrid,TEAM148,21,20,0,1,5.6,5.9,8,7,87.5,39,38,97.4,3,2,91.6,3.54,91.3,4,3,1,100,3.63,2,Not Promoted,Exceeds Expectations,No,Q2 2026
EMP1209,Sales,Sales Manager,Mid,Pune,2024-05-09 0:00:00,2.4,Remote,TEAM110,21,18,3,0,4.7,11,5,3,60,66,55,83.3,2,2,86,3.51,86.2,3,3,0,95.7,4.31,0,Not Promoted,Meets Expectations,Yes,Q2 2026
EMP1210,Marketing,Digital Marketing Specialist,Senior,Bengaluru,2023-11-22 0:00:00,2.8,On-site,TEAM150,21,19,1,1,9.5,8.9,5,3,60,85,70,82.4,2,2,74.7,4.41,84.6,3,3,0,75.7,3.05,1,Not Promoted,Meets Expectations,Yes,Q1 2026
EMP1211,Operations,Operations Analyst,Junior,Chennai,2021-05-22 0:00:00,5.3,Hybrid,TEAM139,22,21,0,1,9.1,6.4,6,4,66.7,55,52,94.5,2,2,84.5,3.9,90,4,4,0,61.8,2.49,1,Not Promoted,Exceeds Expectations,Yes,Q4 2026
EMP1212,IT,Software Engineer,Senior,Guwahati,2022-11-20 0:00:00,3.8,Remote,TEAM137,21,16,1,4,6.3,3.6,5,5,100,58,52,89.7,4,3,89.4,3.51,89.9,4,4,0,63.2,3.86,0,Promoted,Exceeds Expectations,No,Q4 2026
EMP1213,IT,Data Analyst,Junior,Chennai,2025-09-10 0:00:00,1,Hybrid,TEAM139,21,20,0,1,19.1,1.8,4,4,100,52,44,84.6,4,3,77.4,4.24,86.2,4,4,0,76.4,3.12,0,Not Promoted,Exceeds Expectations,No,Q1 2026
EMP1214,Marketing,Digital Marketing Specialist,Senior,Mumbai,2025-10-05 0:00:00,1,Remote,TEAM121,21,19,1,1,17.2,12.9,7,6,85.7,55,54,98.2,2,2,83.2,4.39,94,4,4,0,57.9,3.66,1,Not Promoted,Exceeds Expectations,No,Q3 2026
EMP1215,IT,IT Support Specialist,Manager,Bengaluru,2018-06-14 0:00:00,8.3,On-site,TEAM128,23,23,0,0,8.1,1.5,6,6,100,88,74,84.1,2,1,70,4.15,74.9,4,4,0,77.9,3.7,2,Not Promoted,Exceeds Expectations,No,Q4 2026
EMP1216,Marketing,Marketing Manager,Manager,Mumbai,2020-09-25 0:00:00,6,Hybrid,TEAM138,21,21,0,0,16,10.2,5,4,80,44,30,68.2,2,1,86.9,4.49,67.8,4,4,0,96.9,4.14,1,Not Promoted,Exceeds Expectations,No,Q1 2026
EMP1217,Finance,Finance Manager,Mid,Bengaluru,2025-01-11 0:00:00,1.7,On-site,TEAM133,22,18,1,3,4.9,5.1,4,4,100,58,58,100,2,2,81.5,4.05,97.6,5,5,0,75.7,3.61,1,Not Promoted,Exceptional,No,Q1 2026
EMP1218,Product,UX Designer,Senior,Bengaluru,2021-07-31 0:00:00,5.2,Hybrid,TEAM111,21,18,2,1,9.5,4.8,7,6,85.7,74,60,81.1,2,1,90.2,3.67,83.3,4,3,1,73.1,4.09,2,Not Promoted,Exceeds Expectations,No,Q4 2026
EMP1219,IT,IT Support Specialist,Senior,Bengaluru,2025-01-08 0:00:00,1.7,Remote,TEAM145,21,20,1,0,7.1,2.2,6,5,83.3,81,67,82.7,2,2,86.7,4.45,89.6,4,5,-1,85.7,3.4,2,Not Promoted,Exceeds Expectations,No,Q3 2026
EMP1220,Customer Support,Support Team Lead,Mid,Pune,2019-10-19 0:00:00,6.9,On-site,TEAM144,22,21,0,1,5.6,4.4,4,3,75,55,46,83.6,2,1,78.3,3.51,69.1,3,3,0,79.5,4.3,1,Not Promoted,Meets Expectations,No,Q1 2026
EMP1221,IT,Data Analyst,Senior,Delhi NCR,2025-04-14 0:00:00,1.4,Hybrid,TEAM101,21,20,1,0,3.3,2.6,5,5,100,59,53,89.8,2,1,74.4,3.38,78.7,4,4,0,57.6,2.78,2,Not Promoted,Exceeds Expectations,No,Q2 2026
EMP1222,IT,IT Support Specialist,Junior,Bengaluru,2024-01-21 0:00:00,2.7,On-site,TEAM147,22,19,2,1,10.6,6.7,8,6,75,86,75,87.2,2,1,72.3,4.64,73.1,3,3,0,66,4.42,0,Not Promoted,Meets Expectations,No,Q3 2026
EMP1223,Sales,Sales Manager,Mid,Delhi NCR,2023-03-25 0:00:00,3.5,Hybrid,TEAM133,23,22,1,0,3.1,8.2,8,8,100,57,57,100,2,2,77.4,3.81,89.7,4,4,0,100,5,0,Not Promoted,Exceeds Expectations,No,Q3 2026
EMP1224,HR,HR Executive,Junior,Hyderabad,2023-08-09 0:00:00,3.1,Hybrid,TEAM103,22,21,1,0,11.4,1.6,6,4,66.7,56,56,100,2,2,90,4.92,87.4,5,5,0,79.5,3.87,3,Not Promoted,Exceptional,Yes,Q4 2026
EMP1225,Finance,Accountant,Junior,Bengaluru,2023-10-13 0:00:00,3,Remote,TEAM126,20,18,2,0,7,8.4,4,3,75,38,32,84.2,2,1,66.2,4.47,70.9,3,3,0,58.3,4.6,1,Not Promoted,Meets Expectations,Yes,Q4 2026
EMP1226,Finance,Accountant,Junior,Mumbai,2021-02-14 0:00:00,5.6,Hybrid,TEAM115,22,22,0,0,25.8,9.3,7,7,100,68,55,80.9,3,2,72.7,3.77,79.6,3,3,0,69.8,4.89,2,Not Promoted,Meets Expectations,No,Q2 2026
EMP1227,Customer Support,Customer Success Specialist,Senior,Bengaluru,2023-03-05 0:00:00,3.6,Hybrid,TEAM141,21,19,1,1,10.9,6.3,4,3,75,90,76,84.4,2,2,89.7,4.27,84.5,4,4,0,48,3.27,3,Promoted,Meets Expectations,Yes,Q1 2026
EMP1228,HR,HR Manager,Mid,Bengaluru,2018-09-24 0:00:00,8,On-site,TEAM114,22,20,1,1,9.4,2.7,8,6,75,40,38,95,2,2,94,5,88.2,4,4,0,47.6,3.51,1,Not Promoted,Exceeds Expectations,Yes,Q4 2026
EMP1229,Customer Support,Support Team Lead,Senior,Hyderabad,2023-01-20 0:00:00,3.7,On-site,TEAM123,22,17,1,4,9.3,12.7,6,6,100,62,55,88.7,2,1,73.2,4.41,82.3,4,4,0,87.9,3.35,2,Not Promoted,Exceeds Expectations,No,Q4 2026
EMP1230,IT,IT Support Specialist,Junior,Bengaluru,2022-09-05 0:00:00,4.1,On-site,TEAM108,22,18,2,2,2.2,5.7,5,4,80,65,55,84.6,2,2,72.6,4.32,82.8,3,3,0,72.3,3.24,0,Not Promoted,Meets Expectations,No,Q3 2026
EMP1231,Product,Product Analyst,Mid,Delhi NCR,2024-04-12 0:00:00,2.5,On-site,TEAM136,21,19,2,0,1.4,14.5,4,3,75,69,53,76.8,1,1,94.7,3.67,85,3,3,0,79.9,3.95,0,Not Promoted,Meets Expectations,No,Q4 2026
EMP1232,Operations,Operations Manager,Mid,Hyderabad,2024-09-08 0:00:00,2,Remote,TEAM120,22,19,1,2,5.9,11,8,9,112.5,73,50,68.5,2,2,80.9,5,85.3,5,5,0,90.6,2.84,2,Promoted,Exceptional,No,Q4 2026
EMP1233,IT,Software Engineer,Senior,Bengaluru,2022-02-19 0:00:00,4.6,Hybrid,TEAM106,20,18,0,2,8.5,6.6,7,8,114.3,76,61,80.3,2,2,73.9,4.72,87.5,5,5,0,79.6,4.34,3,Promoted,Exceptional,No,Q4 2026
EMP1234,Operations,Operations Analyst,Mid,Delhi NCR,2019-04-21 0:00:00,7.4,Hybrid,TEAM133,22,20,2,0,14.2,3.7,6,7,116.7,57,57,100,3,3,91.4,3.68,100,5,5,0,85.5,3.96,1,Not Promoted,Exceptional,No,Q4 2026
EMP1235,Marketing,Marketing Manager,Mid,Bengaluru,2020-09-03 0:00:00,6.1,On-site,TEAM128,21,21,0,0,5.2,2.4,5,4,80,40,38,95,3,3,86.5,5,88.7,4,4,0,77.8,4.22,1,Not Promoted,Exceeds Expectations,No,Q3 2026
EMP1236,Product,Product Analyst,Senior,Chennai,2021-04-22 0:00:00,5.4,Remote,TEAM150,21,19,0,2,35,9.4,4,4,100,50,44,88,3,3,88.6,4.09,91.1,5,5,0,93.3,3.81,4,Not Promoted,Exceptional,No,Q2 2026
EMP1237,Finance,Financial Analyst,Mid,Mumbai,2020-11-09 0:00:00,5.9,Hybrid,TEAM138,22,21,0,1,4.2,1.9,7,5,71.4,36,35,97.2,4,4,74.4,3.54,86.9,3,3,0,96.6,4.4,0,Not Promoted,Meets Expectations,No,Q2 2026
EMP1238,Sales,Sales Manager,Junior,Pune,2023-05-15 0:00:00,3.4,On-site,TEAM130,22,20,0,2,6.2,4,5,4,80,58,45,77.6,1,1,85.4,3.67,79.6,4,4,0,75.8,3.92,1,Not Promoted,Meets Expectations,No,Q1 2026
EMP1239,IT,Data Analyst,Junior,Delhi NCR,2019-07-12 0:00:00,7.2,Hybrid,TEAM146,21,20,0,1,7.4,5.8,8,4,50,51,46,90.2,4,4,93.2,4.48,85.5,2,2,0,73.4,4.06,0,Not Promoted,Partially Meets Expectations,Yes,Q4 2026
EMP1240,Marketing,Digital Marketing Specialist,Senior,Guwahati,2020-10-14 0:00:00,5.9,Hybrid,TEAM143,22,21,1,0,7.3,11.9,8,9,112.5,79,57,72.2,3,2,87.8,3.54,79.2,4,4,0,78.6,4.37,2,Not Promoted,Exceeds Expectations,No,Q3 2026
EMP1241,Customer Support,Customer Success Specialist,Junior,Delhi NCR,2022-05-25 0:00:00,4.3,On-site,TEAM117,21,18,0,3,3.4,0.9,7,5,71.4,35,33,94.3,2,2,90.3,3.39,91.4,4,4,0,71.4,2.89,1,Not Promoted,Meets Expectations,No,Q1 2026
EMP1242,Customer Support,Customer Support Executive,Senior,Chennai,2020-06-01 0:00:00,6.3,Hybrid,TEAM109,21,19,1,1,9.7,6.4,8,7,87.5,40,37,92.5,1,1,94.6,3.76,90.6,4,4,0,68,3.22,1,Not Promoted,Exceeds Expectations,No,Q1 2026
EMP1243,Customer Support,Customer Support Executive,Mid,Delhi NCR,2024-01-04 0:00:00,2.7,Hybrid,TEAM128,20,20,0,0,8.1,3.1,6,4,66.7,39,36,92.3,3,2,85.8,3.84,81.7,3,3,0,86.4,5,1,Not Promoted,Meets Expectations,Yes,Q2 2026
EMP1244,HR,HR Executive,Manager,Pune,2019-10-28 0:00:00,6.9,On-site,TEAM107,21,19,0,2,10.5,3.8,7,7,100,79,79,100,1,0,76.9,3.63,73.2,4,5,-1,68.5,3.82,2,Not Promoted,Exceeds Expectations,No,Q3 2026
EMP1245,Sales,Sales Executive,Senior,Pune,2025-04-21 0:00:00,1.4,Remote,TEAM146,21,21,0,0,1.5,11.7,8,6,75,89,87,97.8,3,3,89.9,3.75,90,4,3,1,67.5,2.56,1,Promoted,Exceeds Expectations,No,Q3 2026
EMP1246,Customer Support,Customer Success Specialist,Manager,Bengaluru,2022-11-07 0:00:00,3.9,Remote,TEAM128,22,20,1,1,8.4,11.7,4,3,75,84,65,77.4,1,1,72,4.5,80.6,3,2,1,84.9,2.74,1,Not Promoted,Meets Expectations,No,Q3 2026
EMP1247,Operations,Operations Manager,Mid,Bengaluru,2025-11-07 0:00:00,0.9,Hybrid,TEAM117,20,15,3,2,1,6.8,8,7,87.5,63,63,100,2,2,80,4.14,88.8,4,4,0,87.7,3.83,2,Not Promoted,Exceeds Expectations,No,Q2 2026
EMP1248,Customer Support,Customer Support Executive,Senior,Delhi NCR,2020-05-13 0:00:00,6.4,Hybrid,TEAM140,21,19,2,0,6.5,11.8,6,4,66.7,46,40,87,2,2,87.3,3.72,85.4,4,4,0,100,3.66,1,Not Promoted,Meets Expectations,Yes,Q2 2026
EMP1249,Customer Support,Customer Support Executive,Mid,Mumbai,2019-08-05 0:00:00,7.1,Hybrid,TEAM148,23,20,1,2,9.4,12.8,5,4,80,73,51,69.9,2,2,55,3.76,76.2,3,3,0,89.6,3.37,1,Not Promoted,Meets Expectations,Yes,Q2 2026
EMP1250,Customer Support,Customer Success Specialist,Mid,Pune,2019-11-26 0:00:00,6.8,Hybrid,TEAM144,20,17,0,3,11.8,2.7,5,3,60,81,72,88.9,1,1,84.3,3.93,86.8,3,4,-1,83.2,5,0,Not Promoted,Meets Expectations,Yes,Q2 2026
EMP1251,Finance,Finance Manager,Mid,Pune,2021-06-05 0:00:00,5.3,Hybrid,TEAM144,21,19,0,2,5.9,13.4,8,5,62.5,37,36,97.3,2,2,84.7,3.96,86.6,3,3,0,85.7,3.62,0,Not Promoted,Meets Expectations,Yes,Q2 2026
EMP1252,HR,HR Manager,Senior,Mumbai,2022-05-30 0:00:00,4.3,On-site,TEAM105,22,18,2,2,5,19,5,4,80,82,65,79.3,1,1,71.8,3.96,80.9,3,3,0,70.2,4.24,0,Not Promoted,Meets Expectations,No,Q4 2026
EMP1253,Customer Support,Customer Success Specialist,Manager,Bengaluru,2021-05-24 0:00:00,5.3,Hybrid,TEAM105,23,21,1,1,2.7,2.1,8,4,50,35,35,100,2,2,84.9,4.48,82.5,3,3,0,80.4,3.97,2,Not Promoted,Meets Expectations,Yes,Q4 2026
EMP1254,Finance,Accountant,Senior,Hyderabad,2024-09-20 0:00:00,2,Remote,TEAM114,22,21,1,0,1.4,11.2,6,4,66.7,61,49,80.3,2,1,83.7,4.11,70.5,2,2,0,79.8,3.61,2,Not Promoted,Partially Meets Expectations,Yes,Q3 2026
EMP1255,Marketing,Marketing Manager,Mid,Bengaluru,2019-02-03 0:00:00,7.6,Hybrid,TEAM106,22,22,0,0,7.7,7.8,5,4,80,82,70,85.4,3,3,82.3,4.12,82.6,4,4,0,65.8,2.92,1,Not Promoted,Exceeds Expectations,No,Q1 2026
EMP1256,Operations,Operations Executive,Mid,Pune,2023-05-01 0:00:00,3.4,On-site,TEAM107,22,18,2,2,0.7,0.7,4,3,75,58,48,82.8,3,2,92.7,4.78,81.6,4,3,1,72.9,4.23,1,Not Promoted,Exceeds Expectations,No,Q3 2026
EMP1257,Customer Support,Support Team Lead,Senior,Mumbai,2019-12-16 0:00:00,6.8,Hybrid,TEAM117,21,18,1,2,7.6,5.4,8,9,112.5,78,57,73.1,1,1,89.9,5,92.7,5,5,0,88.3,2.36,1,Promoted,Exceptional,No,Q1 2026
EMP1258,IT,Data Analyst,Junior,Delhi NCR,2019-12-05 0:00:00,6.8,On-site,TEAM109,22,17,1,4,3.2,0.8,5,6,120,53,42,79.2,2,1,87.8,3.32,82.6,5,5,0,74.7,4.31,2,Not Promoted,Exceptional,No,Q2 2026
EMP1259,IT,Software Engineer,Junior,Guwahati,2025-09-09 0:00:00,1,On-site,TEAM131,20,19,1,0,1.3,2.7,6,4,66.7,42,35,83.3,2,2,72.8,3.13,78.1,3,3,0,80.3,3.9,0,Not Promoted,Meets Expectations,Yes,Q1 2026
EMP1260,Sales,Sales Executive,Mid,Delhi NCR,2024-12-21 0:00:00,1.8,On-site,TEAM122,23,19,3,1,4.4,9.5,6,6,100,89,79,88.8,3,2,81.8,3.81,85.6,5,5,0,87,4.27,1,Not Promoted,Exceptional,No,Q3 2026
EMP1261,IT,Data Analyst,Junior,Mumbai,2022-09-11 0:00:00,4,Hybrid,TEAM145,21,20,0,1,4.3,7.5,4,4,100,78,47,60.3,3,3,92.7,4.43,82.1,4,4,0,85.9,3.86,2,Not Promoted,Exceeds Expectations,No,Q3 2026
EMP1262,Customer Support,Customer Success Specialist,Junior,Delhi NCR,2023-05-27 0:00:00,3.3,Hybrid,TEAM109,22,20,2,0,2.7,6.8,6,5,83.3,81,79,97.5,2,2,80.1,4.21,92.5,4,4,0,98,3.18,1,Not Promoted,Exceeds Expectations,No,Q1 2026
EMP1263,Marketing,Digital Marketing Specialist,Junior,Bengaluru,2018-03-23 0:00:00,8.5,Hybrid,TEAM116,21,17,1,3,5.9,2.7,6,4,66.7,36,35,97.2,1,1,96,4.58,96.2,4,4,0,65.5,3.92,4,Not Promoted,Exceeds Expectations,Yes,Q4 2026
EMP1264,Operations,Operations Manager,Junior,Hyderabad,2019-08-27 0:00:00,7.1,On-site,TEAM136,22,19,3,0,8.1,2.6,5,4,80,64,64,100,3,2,88,3.78,84.1,4,4,0,97.1,4.52,1,Not Promoted,Exceeds Expectations,No,Q2 2026
EMP1265,Customer Support,Support Team Lead,Junior,Pune,2023-05-25 0:00:00,3.3,Remote,TEAM134,20,19,0,1,3.7,7.5,8,7,87.5,64,48,75,3,3,97.4,2.92,86.2,4,3,1,79.8,3.49,1,Not Promoted,Exceeds Expectations,No,Q2 2026
EMP1266,Product,Product Analyst,Manager,Bengaluru,2022-09-07 0:00:00,4,Remote,TEAM145,22,21,1,0,4.1,7.1,7,6,85.7,83,72,86.7,3,2,72.4,3.25,75.3,4,4,0,84.5,4.27,1,Promoted,Meets Expectations,No,Q3 2026
EMP1267,IT,Data Analyst,Mid,Guwahati,2023-08-09 0:00:00,3.1,Remote,TEAM113,22,20,0,2,5.8,8.7,6,6,100,73,73,100,3,3,80.6,4.31,95.5,5,5,0,84.8,4.04,2,Not Promoted,Exceptional,No,Q4 2026
EMP1268,IT,Software Engineer,Mid,Guwahati,2025-09-20 0:00:00,1,On-site,TEAM119,21,18,1,2,8.9,12.7,6,4,66.7,79,79,100,2,1,81.5,4.58,78.9,4,5,-1,83,4.12,0,Not Promoted,Exceeds Expectations,Yes,Q1 2026
EMP1269,HR,HR Executive,Mid,Delhi NCR,2020-06-21 0:00:00,6.3,Hybrid,TEAM112,22,19,2,1,11.2,4.5,7,5,71.4,66,66,100,1,1,87.5,2.95,90.5,3,3,0,63.4,3.08,2,Not Promoted,Meets Expectations,No,Q2 2026
EMP1270,Finance,Financial Analyst,Junior,Delhi NCR,2018-12-31 0:00:00,7.7,Remote,TEAM136,22,21,1,0,23.8,4.6,6,5,83.3,35,32,91.4,2,1,75.4,4.78,77,5,5,0,85.5,4.69,1,Not Promoted,Exceptional,No,Q4 2026
EMP1271,Product,Product Analyst,Manager,Delhi NCR,2018-06-12 0:00:00,8.3,Hybrid,TEAM110,22,20,1,1,0.3,14.3,5,5,100,72,64,88.9,2,2,67.5,4.26,85.4,5,5,0,54.7,3.74,3,Promoted,Exceptional,Yes,Q2 2026
EMP1272,Product,Product Manager,Senior,Bengaluru,2025-01-02 0:00:00,1.7,On-site,TEAM116,21,19,1,1,5.6,8.3,5,3,60,47,35,74.5,2,2,85.4,3.96,75.3,3,3,0,100,4.54,3,Promoted,Partially Meets Expectations,Yes,Q4 2026
EMP1273,Customer Support,Customer Support Executive,Junior,Mumbai,2023-02-07 0:00:00,3.6,On-site,TEAM128,21,18,1,2,13.4,7.7,7,7,100,45,45,100,2,2,78.7,3.66,92.8,4,4,0,79.4,3.54,2,Not Promoted,Exceeds Expectations,No,Q4 2026
EMP1274,Customer Support,Customer Success Specialist,Mid,Delhi NCR,2018-04-26 0:00:00,8.4,Hybrid,TEAM119,21,21,0,0,16.1,4,6,3,50,44,38,86.4,2,2,77.8,4.88,74.9,3,3,0,87.9,4.52,1,Promoted,Meets Expectations,Yes,Q3 2026
EMP1275,Operations,Operations Analyst,Senior,Mumbai,2024-07-12 0:00:00,2.2,Remote,TEAM140,21,15,3,3,16.5,7.8,6,5,83.3,82,74,90.2,2,1,75.8,4.49,75,4,4,0,83.2,3.56,3,Not Promoted,Exceeds Expectations,No,Q2 2026
EMP1276,Operations,Operations Manager,Manager,Chennai,2020-05-30 0:00:00,6.3,Hybrid,TEAM106,23,20,0,3,18,5.5,8,7,87.5,60,54,90,2,2,83.1,4.27,90.5,4,5,-1,73.4,3.15,4,Not Promoted,Meets Expectations,No,Q1 2026
EMP1277,Product,Product Manager,Mid,Bengaluru,2025-08-16 0:00:00,1.1,Hybrid,TEAM104,20,18,0,2,20,18.8,6,5,83.3,90,59,65.6,1,1,72.3,3.6,77.8,3,3,0,64.2,4.79,1,Not Promoted,Meets Expectations,No,Q3 2026
EMP1278,IT,IT Support Specialist,Mid,Hyderabad,2020-04-19 0:00:00,6.4,On-site,TEAM130,22,19,1,2,7.7,7.1,5,4,80,89,73,82,2,2,80.3,4.89,80.3,4,3,1,63,2.09,2,Not Promoted,Exceeds Expectations,No,Q3 2026
EMP1279,IT,Data Analyst,Junior,Mumbai,2024-01-04 0:00:00,2.7,Hybrid,TEAM139,21,21,0,0,18.1,11.3,4,5,125,54,51,94.4,3,3,74.5,4.02,99.3,5,5,0,86.1,5,1,Not Promoted,Exceptional,No,Q1 2026
EMP1280,Product,Product Manager,Manager,Mumbai,2021-09-08 0:00:00,5,Remote,TEAM131,21,18,2,1,2.9,11.2,4,3,75,51,46,90.2,3,3,76.5,4.16,85.2,3,4,-1,82.8,4.28,1,Not Promoted,Meets Expectations,No,Q3 2026
EMP1281,Customer Support,Customer Success Specialist,Junior,Hyderabad,2024-10-26 0:00:00,1.9,Hybrid,TEAM146,22,21,0,1,6.6,6.3,4,5,125,51,48,94.1,2,2,85.2,4.04,96,5,5,0,83.4,3.63,4,Not Promoted,Exceptional,No,Q4 2026
EMP1282,HR,HR Manager,Manager,Hyderabad,2025-11-24 0:00:00,0.8,Hybrid,TEAM127,23,20,1,2,6.2,2.2,4,4,100,38,37,97.4,2,2,87.9,3.58,95.1,5,5,0,73.1,3.94,1,Not Promoted,Exceptional,No,Q4 2026
EMP1283,HR,HR Manager,Mid,Chennai,2020-11-02 0:00:00,5.9,Remote,TEAM145,21,14,2,5,4.9,10.9,6,5,83.3,39,32,82.1,1,1,79.2,4.18,83.7,4,4,0,79.1,4.25,2,Not Promoted,Exceeds Expectations,No,Q2 2026
EMP1284,Sales,Sales Executive,Mid,Bengaluru,2020-07-31 0:00:00,6.2,On-site,TEAM121,21,16,2,3,3,5.8,6,6,100,57,48,84.2,3,2,90.7,4.38,83.3,5,5,0,69.4,3.48,1,Not Promoted,Exceptional,No,Q2 2026
EMP1285,IT,IT Support Specialist,Mid,Bengaluru,2022-09-21 0:00:00,4,Hybrid,TEAM137,21,20,0,1,14.7,4.4,8,10,125,80,71,88.8,2,2,73.2,3.76,96.4,5,5,0,65.8,4.98,2,Not Promoted,Exceptional,No,Q1 2026
EMP1286,Sales,Sales Manager,Junior,Hyderabad,2024-05-23 0:00:00,2.3,On-site,TEAM109,20,17,1,2,7,6.2,6,4,66.7,86,84,97.7,2,2,68.3,4.13,81.8,3,3,0,67.8,4.64,2,Not Promoted,Meets Expectations,Yes,Q2 2026
EMP1287,Operations,Operations Manager,Junior,Delhi NCR,2025-07-30 0:00:00,1.2,Hybrid,TEAM135,21,20,0,1,7.3,2.1,4,3,75,44,39,88.6,3,2,70,4.03,77.3,3,4,-1,69,5,0,Not Promoted,Meets Expectations,No,Q4 2026
EMP1288,Operations,Operations Manager,Junior,Bengaluru,2021-02-11 0:00:00,5.6,Hybrid,TEAM142,21,18,0,3,3,5.7,7,5,71.4,80,58,72.5,2,2,72.3,4.5,74.4,3,3,0,92.5,3.13,0,Promoted,Meets Expectations,No,Q1 2026
EMP1289,Finance,Financial Analyst,Junior,Guwahati,2024-12-02 0:00:00,1.8,Hybrid,TEAM147,21,21,0,0,10,5.4,7,6,85.7,62,55,88.7,1,1,70.2,3.84,85.6,4,4,0,53.8,3.68,2,Not Promoted,Meets Expectations,No,Q1 2026
EMP1290,IT,IT Manager,Senior,Guwahati,2018-01-22 0:00:00,8.7,Hybrid,TEAM121,22,18,1,3,15.1,8,5,3,60,67,65,97,2,2,100,4.12,91.6,4,3,1,73.1,2.83,5,Not Promoted,Exceeds Expectations,Yes,Q2 2026
EMP1291,Sales,Sales Manager,Mid,Pune,2022-10-16 0:00:00,3.9,Hybrid,TEAM117,21,19,0,2,9.3,4.3,5,4,80,77,77,100,2,1,68,4.24,78.7,4,3,1,82,3.11,1,Not Promoted,Exceeds Expectations,Yes,Q4 2026
EMP1292,Sales,Account Manager,Junior,Bengaluru,2019-11-14 0:00:00,6.9,Remote,TEAM124,21,19,1,1,3.5,7.5,6,7,116.7,60,56,93.3,2,2,90.4,3.82,98.8,5,5,0,100,3.79,1,Promoted,Exceptional,No,Q1 2026
EMP1293,Product,Product Manager,Manager,Bengaluru,2023-01-08 0:00:00,3.7,Hybrid,TEAM131,21,20,0,1,15.6,9.5,7,6,85.7,89,67,75.3,3,2,81.8,3.55,76.7,3,3,0,64.2,3.44,0,Not Promoted,Meets Expectations,No,Q4 2026
EMP1294,HR,HR Manager,Senior,Bengaluru,2024-06-25 0:00:00,2.3,On-site,TEAM106,22,18,3,1,1.3,7.8,4,3,75,84,72,85.7,2,2,84,3.64,83.3,4,4,0,57.3,3.81,1,Not Promoted,Meets Expectations,No,Q4 2026
EMP1295,Sales,Sales Manager,Senior,Mumbai,2018-05-06 0:00:00,8.4,Hybrid,TEAM135,22,22,0,0,11.4,1.7,4,3,75,82,78,95.1,3,2,73.8,4.23,77.4,3,3,0,82.7,3.76,0,Not Promoted,Meets Expectations,No,Q4 2026
EMP1296,Operations,Operations Analyst,Manager,Guwahati,2018-10-04 0:00:00,8,Hybrid,TEAM150,22,22,0,0,3.5,5.1,4,4,100,63,62,98.4,2,2,84.9,3.87,96.4,4,4,0,76.1,4.28,2,Not Promoted,Exceeds Expectations,No,Q2 2026
EMP1297,Product,Product Manager,Junior,Mumbai,2023-06-23 0:00:00,3.3,Hybrid,TEAM137,22,16,1,5,17.8,8.1,6,4,66.7,61,58,95.1,2,2,73.8,3.86,81.9,3,3,0,69.4,3.9,2,Not Promoted,Meets Expectations,Yes,Q3 2026
EMP1298,Marketing,Marketing Executive,Mid,Guwahati,2021-05-12 0:00:00,5.4,Remote,TEAM113,21,19,0,2,23.7,10,6,7,116.7,52,45,86.5,2,2,90.3,4.33,91.9,5,5,0,81.8,4.89,1,Promoted,Exceptional,No,Q3 2026
EMP1299,IT,Data Analyst,Senior,Pune,2024-02-20 0:00:00,2.6,Remote,TEAM125,22,20,1,1,4.4,3.3,8,9,112.5,74,73,98.6,2,1,91,4.56,93.4,5,5,0,87.8,4.42,1,Not Promoted,Exceptional,No,Q1 2026
EMP1300,Sales,Account Manager,Senior,Bengaluru,2019-11-27 0:00:00,6.8,On-site,TEAM132,21,20,1,0,5.7,8,4,4,100,44,37,84.1,2,2,80.8,4.66,89,4,4,0,83.6,3.07,0,Not Promoted,Exceeds Expectations,No,Q4 2026
EMP1301,Sales,Sales Manager,Junior,Delhi NCR,2021-08-02 0:00:00,5.1,Remote,TEAM101,21,19,2,0,10.6,4.4,4,3,75,76,70,92.1,2,1,81.4,3.66,79.2,3,3,0,76.9,3.67,3,Not Promoted,Meets Expectations,No,Q2 2026
EMP1302,Operations,Operations Analyst,Senior,Pune,2018-02-26 0:00:00,8.6,On-site,TEAM149,22,19,0,3,4.9,5.5,6,6,100,39,38,97.4,3,3,85.9,4.51,97.8,5,5,0,93.3,3.88,6,Not Promoted,Exceptional,No,Q4 2026
EMP1303,Operations,Operations Executive,Junior,Delhi NCR,2018-01-19 0:00:00,8.7,On-site,TEAM135,23,21,2,0,1.7,1.4,6,6,100,44,42,95.5,2,1,85.4,5,84.9,5,5,0,77.1,4.06,2,Not Promoted,Exceptional,No,Q4 2026
EMP1304,IT,Data Analyst,Junior,Delhi NCR,2024-04-30 0:00:00,2.4,On-site,TEAM119,20,18,0,2,18.7,0.6,8,6,75,84,81,96.4,1,1,91.2,4.07,90.6,4,4,0,74,4.44,0,Not Promoted,Exceeds Expectations,No,Q2 2026
EMP1305,Product,UX Designer,Mid,Bengaluru,2025-10-12 0:00:00,1,Remote,TEAM112,22,19,2,1,5.1,5,8,6,75,55,53,96.4,1,1,91,3.96,90.6,4,4,0,83.9,4.02,3,Not Promoted,Exceeds Expectations,No,Q3 2026
EMP1306,Customer Support,Support Team Lead,Mid,Bengaluru,2018-04-23 0:00:00,8.4,Hybrid,TEAM140,22,18,1,3,9.3,3.3,5,3,60,58,46,79.3,1,1,81.7,3.85,84.2,3,3,0,54.9,3.92,2,Not Promoted,Meets Expectations,Yes,Q4 2026
EMP1307,Operations,Operations Analyst,Mid,Delhi NCR,2019-06-26 0:00:00,7.2,On-site,TEAM140,20,17,1,2,4.2,11.3,7,6,85.7,72,65,90.3,2,1,77.7,3.41,76.8,4,5,-1,82,3.08,1,Not Promoted,Exceeds Expectations,No,Q4 2026
EMP1308,Finance,Finance Manager,Junior,Chennai,2025-05-18 0:00:00,1.4,Hybrid,TEAM147,21,18,3,0,8.6,8.9,4,4,100,37,30,81.1,1,1,89.3,4.46,91.1,5,5,0,70.1,3.4,1,Not Promoted,Exceptional,No,Q3 2026
EMP1309,Product,Product Analyst,Senior,Delhi NCR,2019-08-02 0:00:00,7.1,Hybrid,TEAM143,21,20,0,1,8.5,10.1,4,3,75,74,64,86.5,1,1,80.6,3.96,87.1,4,4,0,54.6,2.3,2,Not Promoted,Exceeds Expectations,No,Q2 2026
EMP1310,Finance,Financial Analyst,Junior,Delhi NCR,2020-12-24 0:00:00,5.8,On-site,TEAM120,20,17,0,3,10,1.2,8,6,75,65,51,78.5,2,1,83,3.92,73.8,4,4,0,78.9,4.08,2,Not Promoted,Meets Expectations,No,Q1 2026
EMP1311,Operations,Operations Analyst,Junior,Hyderabad,2018-01-25 0:00:00,8.7,Remote,TEAM133,21,16,2,3,4.9,3.7,8,5,62.5,75,70,93.3,3,3,86.8,4.38,89.6,3,4,-1,66.1,4.21,4,Not Promoted,Meets Expectations,Yes,Q3 2026
EMP1312,Sales,Account Manager,Senior,Mumbai,2022-04-22 0:00:00,4.4,Remote,TEAM129,21,19,0,2,3.2,5,5,4,80,71,50,70.4,1,1,90.8,4.43,82.4,4,4,0,50.3,2.65,2,Promoted,Meets Expectations,No,Q1 2026
EMP1313,Sales,Account Manager,Manager,Guwahati,2023-08-11 0:00:00,3.1,Hybrid,TEAM116,21,20,0,1,4.4,2.1,7,7,100,36,35,97.2,2,2,84.3,3.67,96.8,4,3,1,62,3.72,1,Not Promoted,Exceeds Expectations,No,Q1 2026
EMP1314,Customer Support,Support Team Lead,Senior,Delhi NCR,2022-04-22 0:00:00,4.4,Remote,TEAM114,22,20,1,1,26.8,7.9,5,4,80,36,32,88.9,3,2,76.7,3.68,74.1,3,3,0,95.9,3.89,2,Not Promoted,Meets Expectations,No,Q3 2026
EMP1315,Product,Product Analyst,Senior,Chennai,2018-05-21 0:00:00,8.3,Hybrid,TEAM107,22,20,1,1,12,3.9,7,6,85.7,73,73,100,4,3,98.2,3.66,95.1,4,4,0,66.2,4.76,1,Not Promoted,Exceeds Expectations,No,Q4 2026
EMP1316,IT,IT Manager,Mid,Bengaluru,2022-11-03 0:00:00,3.9,Remote,TEAM106,23,17,2,4,7.8,7,4,2,50,83,73,88,3,3,95.8,5,87.5,4,4,0,77.3,3.19,2,Not Promoted,Meets Expectations,Yes,Q1 2026
EMP1317,Operations,Operations Executive,Mid,Hyderabad,2019-10-10 0:00:00,7,Hybrid,TEAM121,21,21,0,0,2.6,7.6,5,4,80,76,67,88.2,2,2,72.8,4.81,84.3,4,4,0,58.5,4.18,4,Not Promoted,Exceeds Expectations,No,Q1 2026
EMP1318,Marketing,Marketing Manager,Junior,Bengaluru,2024-02-14 0:00:00,2.6,Hybrid,TEAM136,22,21,1,0,10.2,5.4,8,7,87.5,78,76,97.4,3,1,73.8,4.39,77.8,4,3,1,100,4.74,2,Not Promoted,Exceeds Expectations,No,Q2 2026
EMP1319,Marketing,Marketing Executive,Mid,Delhi NCR,2018-07-20 0:00:00,8.2,On-site,TEAM122,22,19,1,2,22.3,8.2,5,4,80,68,60,88.2,2,2,74.9,3.79,87.5,4,4,0,74.3,3.62,2,Not Promoted,Exceeds Expectations,No,Q4 2026
EMP1320,Finance,Accountant,Mid,Guwahati,2018-09-14 0:00:00,8,Remote,TEAM140,22,21,0,1,8.7,2.7,5,4,80,76,70,92.1,2,1,89.6,3.86,78,4,4,0,64.1,3.83,3,Not Promoted,Exceeds Expectations,No,Q1 2026
EMP1321,Operations,Operations Analyst,Junior,Mumbai,2019-07-01 0:00:00,7.2,Hybrid,TEAM119,21,19,0,2,10.8,6.6,4,4,100,54,54,100,3,2,98.5,4.2,92.6,5,5,0,87.9,4.58,3,Promoted,Exceptional,No,Q2 2026
EMP1322,IT,IT Manager,Senior,Hyderabad,2024-02-20 0:00:00,2.6,On-site,TEAM125,22,19,1,2,3.5,6,8,6,75,67,59,88.1,2,1,77.4,5,71.9,4,4,0,100,3.29,2,Not Promoted,Meets Expectations,No,Q4 2026
EMP1323,IT,Data Analyst,Mid,Bengaluru,2025-07-13 0:00:00,1.2,On-site,TEAM103,21,20,0,1,7.8,11.8,8,5,62.5,38,38,100,4,4,83.5,4.16,91.2,4,4,0,67.8,3.4,0,Not Promoted,Exceeds Expectations,Yes,Q3 2026
EMP1324,Finance,Financial Analyst,Junior,Delhi NCR,2020-03-12 0:00:00,6.5,Hybrid,TEAM136,21,16,1,4,21.7,1.3,6,7,116.7,79,58,73.4,3,3,75.2,4.28,89.6,5,4,1,64.9,3.77,3,Not Promoted,Exceptional,No,Q3 2026
EMP1325,Customer Support,Customer Success Specialist,Junior,Hyderabad,2020-07-30 0:00:00,6.2,Hybrid,TEAM145,22,17,0,5,6.1,6.7,6,5,83.3,78,78,100,2,2,97.3,2.6,95.3,4,3,1,100,5,0,Not Promoted,Exceeds Expectations,No,Q2 2026
EMP1326,Product,UX Designer,Senior,Chennai,2019-02-18 0:00:00,7.6,Hybrid,TEAM134,22,17,1,4,16.2,5.9,6,5,83.3,45,32,71.1,3,2,89.4,4.14,76.2,4,4,0,71.2,3.45,1,Not Promoted,Meets Expectations,No,Q3 2026
EMP1327,Operations,Operations Manager,Junior,Bengaluru,2023-07-08 0:00:00,3.2,Remote,TEAM111,20,19,0,1,3.3,4.5,4,4,100,76,76,100,2,2,74.6,3.23,93.3,4,4,0,70.3,3.53,0,Not Promoted,Exceeds Expectations,No,Q1 2026
EMP1328,IT,IT Manager,Senior,Mumbai,2021-10-13 0:00:00,5,On-site,TEAM148,23,19,2,2,9.6,1.2,5,6,120,81,58,71.6,2,2,63.1,3.73,82.6,4,3,1,43.3,4.44,2,Promoted,Exceeds Expectations,Yes,Q4 2026
EMP1329,Operations,Operations Executive,Mid,Bengaluru,2021-01-03 0:00:00,5.7,Hybrid,TEAM142,22,17,3,2,6.5,2.2,8,5,62.5,39,39,100,3,2,91.3,4.03,83.2,4,5,-1,72.8,4.16,1,Not Promoted,Exceeds Expectations,Yes,Q1 2026
EMP1330,Finance,Finance Manager,Mid,Chennai,2020-06-28 0:00:00,6.2,On-site,TEAM147,21,21,0,0,15.8,4,8,7,87.5,59,54,91.5,3,2,76.8,3.83,79.5,4,5,-1,53.9,4.96,0,Not Promoted,Meets Expectations,No,Q1 2026
EMP1331,HR,HR Manager,Mid,Chennai,2018-07-07 0:00:00,8.2,Remote,TEAM127,23,23,0,0,18.1,6.7,5,4,80,83,67,80.7,3,3,89.6,3.65,88.9,4,4,0,65.2,4.36,0,Not Promoted,Exceeds Expectations,No,Q3 2026
EMP1332,Product,Product Analyst,Senior,Delhi NCR,2023-07-09 0:00:00,3.2,Remote,TEAM142,21,21,0,0,8.8,2.3,8,6,75,71,71,100,3,3,84.6,3.66,94,4,3,1,44.7,3.35,2,Not Promoted,Meets Expectations,Yes,Q1 2026
EMP1333,Sales,Account Manager,Mid,Pune,2021-08-06 0:00:00,5.1,Hybrid,TEAM102,23,20,2,1,9.2,11.2,5,4,80,68,54,79.4,4,4,65.5,3.88,82.5,3,3,0,89.7,3.71,2,Not Promoted,Meets Expectations,Yes,Q3 2026
EMP1334,Sales,Account Manager,Mid,Delhi NCR,2023-09-24 0:00:00,3,Hybrid,TEAM106,21,21,0,0,25.9,5.5,4,3,75,43,38,88.4,3,2,74.7,3.86,74.1,4,4,0,52.3,2.99,0,Not Promoted,Meets Expectations,No,Q4 2026
EMP1335,Sales,Account Manager,Mid,Delhi NCR,2023-11-01 0:00:00,2.9,Hybrid,TEAM146,20,15,1,4,14.7,9.3,4,3,75,40,40,100,2,2,78.8,4.01,89.2,4,4,0,45.6,2.61,2,Promoted,Meets Expectations,Yes,Q4 2026
EMP1336,Sales,Sales Executive,Junior,Guwahati,2021-02-20 0:00:00,5.6,Hybrid,TEAM102,22,19,1,2,3.7,13.6,4,2,50,52,49,94.2,1,1,75.9,3.97,83.4,3,3,0,58.7,3.81,0,Not Promoted,Partially Meets Expectations,Yes,Q1 2026
EMP1337,Customer Support,Support Team Lead,Senior,Hyderabad,2018-12-24 0:00:00,7.8,Remote,TEAM142,22,19,2,1,6.2,2.8,5,5,100,48,33,68.8,3,3,83,4.7,86.7,4,4,0,90.8,4.32,0,Not Promoted,Exceeds Expectations,No,Q2 2026
EMP1338,IT,Data Analyst,Senior,Bengaluru,2022-04-01 0:00:00,4.5,Hybrid,TEAM117,22,18,2,2,6.4,0.4,5,4,80,53,46,86.8,2,1,85.6,2.87,73.2,4,5,-1,67,4.16,2,Not Promoted,Exceeds Expectations,No,Q3 2026
EMP1339,Operations,Operations Analyst,Mid,Pune,2020-12-25 0:00:00,5.7,Hybrid,TEAM140,23,21,2,0,12.3,4.7,7,6,85.7,48,41,85.4,2,2,98.1,4.13,93.4,5,5,0,70.1,3.62,2,Not Promoted,Exceptional,No,Q3 2026
EMP1340,Sales,Sales Executive,Senior,Hyderabad,2022-08-08 0:00:00,4.1,Hybrid,TEAM148,22,21,1,0,13.3,2.2,8,6,75,74,68,91.9,2,2,86.2,4.04,85.6,3,3,0,79.2,5,0,Not Promoted,Meets Expectations,No,Q1 2026
EMP1341,Operations,Operations Analyst,Senior,Hyderabad,2024-08-19 0:00:00,2.1,Remote,TEAM114,22,19,2,1,13.8,19.5,8,6,75,51,46,90.2,3,2,95.4,3.93,83.4,4,4,0,70.8,2.83,2,Not Promoted,Meets Expectations,No,Q3 2026
EMP1342,Operations,Operations Executive,Senior,Guwahati,2018-06-11 0:00:00,8.3,Hybrid,TEAM110,22,21,1,0,1.4,6.1,7,6,85.7,69,66,95.7,3,3,77.7,3.61,93.2,4,4,0,90.5,2.95,2,Not Promoted,Exceeds Expectations,No,Q3 2026
EMP1343,Marketing,Marketing Manager,Senior,Bengaluru,2024-06-27 0:00:00,2.2,On-site,TEAM145,22,17,3,2,17.1,6.2,7,5,71.4,63,47,74.6,2,1,92.5,3.92,76.3,3,3,0,69.2,3.16,1,Not Promoted,Meets Expectations,No,Q2 2026
EMP1344,Operations,Operations Executive,Senior,Bengaluru,2019-03-26 0:00:00,7.5,Hybrid,TEAM133,21,19,1,1,5,2.7,4,3,75,76,64,84.2,2,1,78.6,3.1,77.4,3,3,0,68.6,3.69,0,Not Promoted,Meets Expectations,No,Q2 2026
EMP1345,HR,HR Executive,Senior,Mumbai,2022-02-06 0:00:00,4.6,Remote,TEAM142,23,20,1,2,3.6,11.3,7,5,71.4,51,47,92.2,3,3,73.7,4.11,82.3,3,3,0,100,3.29,3,Not Promoted,Meets Expectations,No,Q1 2026
EMP1346,IT,Software Engineer,Mid,Guwahati,2020-11-02 0:00:00,5.9,On-site,TEAM112,21,21,0,0,13.1,8.2,5,4,80,77,63,81.8,2,2,73.4,4.21,80.9,4,4,0,73.6,4.61,2,Not Promoted,Meets Expectations,No,Q2 2026
EMP1347,IT,Software Engineer,Senior,Chennai,2024-02-10 0:00:00,2.6,On-site,TEAM132,22,21,0,1,19.5,4.6,6,3,50,42,42,100,2,1,58.2,3.61,68.1,3,3,0,74.7,3.27,1,Not Promoted,Partially Meets Expectations,Yes,Q1 2026
EMP1348,Sales,Sales Manager,Junior,Delhi NCR,2023-11-29 0:00:00,2.8,On-site,TEAM149,23,23,0,0,15.2,7.5,5,5,100,35,29,82.9,2,1,89.7,5,81.1,5,5,0,71.9,3.12,4,Not Promoted,Exceptional,No,Q4 2026
EMP1349,HR,HR Manager,Senior,Bengaluru,2023-05-05 0:00:00,3.4,Hybrid,TEAM124,22,21,0,1,9.8,6.9,7,5,71.4,79,72,91.1,2,1,70.4,3.93,74.3,3,3,0,38.1,4.07,2,Not Promoted,Meets Expectations,Yes,Q1 2026
EMP1350,IT,IT Manager,Senior,Mumbai,2024-12-30 0:00:00,1.7,Hybrid,TEAM114,22,18,2,2,11.9,8.7,8,8,100,87,77,88.5,2,1,94.7,4.02,87.8,5,5,0,86.7,4,0,Promoted,Exceptional,No,Q4 2026
EMP1351,Operations,Operations Analyst,Junior,Mumbai,2021-08-06 0:00:00,5.1,Hybrid,TEAM105,22,21,1,0,2.9,4.3,5,5,100,70,56,80,2,2,80.4,4.73,85.8,4,4,0,97,4.48,3,Not Promoted,Exceeds Expectations,No,Q1 2026
EMP1352,Customer Support,Support Team Lead,Senior,Delhi NCR,2024-05-31 0:00:00,2.3,Hybrid,TEAM105,21,21,0,0,11.1,6.1,8,5,62.5,41,37,90.2,2,2,68,5,79.5,3,3,0,89.6,3.87,2,Not Promoted,Meets Expectations,Yes,Q3 2026
EMP1353,IT,IT Support Specialist,Junior,Mumbai,2021-05-23 0:00:00,5.3,Hybrid,TEAM147,22,16,3,3,2.9,4.2,5,3,60,80,62,77.5,4,4,71.9,3.38,80.7,3,3,0,63.6,3.81,0,Not Promoted,Partially Meets Expectations,Yes,Q2 2026
EMP1354,Marketing,Digital Marketing Specialist,Mid,Pune,2020-08-31 0:00:00,6.1,Hybrid,TEAM132,21,18,1,2,24.2,3.4,8,10,125,39,33,84.6,1,1,83.7,3.68,92,5,5,0,71.8,2.79,2,Not Promoted,Exceptional,No,Q4 2026
EMP1355,Sales,Sales Manager,Senior,Mumbai,2019-09-24 0:00:00,7,Remote,TEAM145,20,16,2,2,7.5,6.8,5,6,120,58,52,89.7,2,2,65.1,3.94,93.5,5,4,1,79.5,3.7,0,Not Promoted,Exceptional,Yes,Q1 2026
EMP1356,IT,Software Engineer,Junior,Chennai,2022-05-10 0:00:00,4.4,Hybrid,TEAM149,21,17,1,3,5,2.3,8,7,87.5,62,47,75.8,2,2,87.3,3.59,85.6,4,4,0,77.5,3.09,1,Promoted,Exceeds Expectations,No,Q2 2026
EMP1357,Sales,Sales Executive,Senior,Pune,2020-11-16 0:00:00,5.9,Remote,TEAM133,22,20,1,1,3.5,14.1,6,5,83.3,77,74,96.1,1,1,68.4,4.47,88.4,4,3,1,82.8,5,1,Promoted,Exceeds Expectations,Yes,Q1 2026
EMP1358,IT,Data Analyst,Senior,Bengaluru,2025-08-12 0:00:00,1.1,Hybrid,TEAM146,21,18,2,1,12.4,6.4,4,3,75,51,47,92.2,2,1,75.3,3.53,74.1,3,3,0,75.6,4.6,0,Not Promoted,Meets Expectations,No,Q2 2026
EMP1359,Customer Support,Customer Success Specialist,Mid,Chennai,2022-05-08 0:00:00,4.4,On-site,TEAM104,22,19,1,2,12,2.5,5,5,100,71,68,95.8,2,2,83.8,4.7,96.2,5,5,0,69.8,3.27,3,Not Promoted,Exceptional,No,Q2 2026
EMP1360,IT,Data Analyst,Junior,Bengaluru,2024-06-26 0:00:00,2.2,Hybrid,TEAM130,21,18,0,3,9.6,10.4,6,4,66.7,54,49,90.7,2,2,86.2,4.34,85,3,3,0,74.5,3.61,1,Not Promoted,Meets Expectations,Yes,Q1 2026
EMP1361,HR,HR Executive,Junior,Pune,2022-08-21 0:00:00,4.1,Hybrid,TEAM141,21,20,0,1,12.7,6.2,4,2,50,37,29,78.4,2,1,89.2,4.64,66.2,3,3,0,85.5,3.75,0,Not Promoted,Meets Expectations,Yes,Q4 2026
EMP1362,IT,IT Manager,Mid,Mumbai,2019-03-13 0:00:00,7.5,Hybrid,TEAM117,20,19,0,1,10.2,2,5,3,60,71,64,90.1,3,2,70.2,3.53,75.6,3,3,0,100,5,1,Not Promoted,Meets Expectations,Yes,Q4 2026
EMP1363,Operations,Operations Manager,Manager,Pune,2025-09-29 0:00:00,1,On-site,TEAM103,21,18,1,2,6.1,3.5,6,5,83.3,60,58,96.7,2,2,79.2,3.79,84,4,4,0,66.8,3.93,4,Not Promoted,Exceeds Expectations,No,Q3 2026
EMP1364,Operations,Operations Executive,Mid,Pune,2022-04-06 0:00:00,4.5,On-site,TEAM113,22,21,0,1,2,5.4,6,4,66.7,49,38,77.6,1,1,91.8,4.49,82,4,4,0,77.2,3.49,1,Not Promoted,Exceeds Expectations,Yes,Q2 2026
EMP1365,Customer Support,Customer Success Specialist,Junior,Pune,2020-12-12 0:00:00,5.8,Remote,TEAM144,20,19,0,1,16.6,2.3,6,5,83.3,85,67,78.8,3,2,79.2,4.39,78.1,4,4,0,67.9,3.77,2,Not Promoted,Meets Expectations,No,Q3 2026
EMP1366,HR,HR Manager,Mid,Hyderabad,2021-07-28 0:00:00,5.2,On-site,TEAM148,21,20,0,1,12.3,12.8,7,5,71.4,82,72,87.8,1,1,84.6,3.84,88.1,3,3,0,76.6,2.77,4,Not Promoted,Meets Expectations,No,Q3 2026
EMP1367,Customer Support,Support Team Lead,Mid,Bengaluru,2025-08-05 0:00:00,1.1,Remote,TEAM136,21,21,0,0,13.1,6.9,8,6,75,42,36,85.7,3,3,83.5,3.92,88.9,4,4,0,86.6,3.82,2,Not Promoted,Meets Expectations,No,Q1 2026
EMP1368,Customer Support,Customer Support Executive,Senior,Guwahati,2023-09-10 0:00:00,3,On-site,TEAM118,20,19,1,0,13.8,7,4,4,100,47,42,89.4,4,3,93.7,3.76,94.1,5,5,0,71.7,3.01,1,Not Promoted,Exceptional,No,Q1 2026
EMP1369,Marketing,Digital Marketing Specialist,Junior,Mumbai,2024-07-12 0:00:00,2.2,Hybrid,TEAM123,21,19,2,0,9.9,3.6,8,7,87.5,82,71,86.6,2,2,77.8,3.91,90.9,4,4,0,44.8,2.25,4,Not Promoted,Exceeds Expectations,Yes,Q1 2026
EMP1370,Sales,Sales Executive,Senior,Bengaluru,2018-07-02 0:00:00,8.2,Hybrid,TEAM135,21,20,1,0,7,9.2,8,7,87.5,37,34,91.9,3,3,69.5,3.47,87.5,4,4,0,87.6,5,3,Not Promoted,Exceeds Expectations,Yes,Q2 2026
EMP1371,Sales,Sales Manager,Mid,Hyderabad,2025-02-04 0:00:00,1.6,Hybrid,TEAM149,22,18,0,4,16.7,7.9,8,8,100,35,35,100,3,3,73.3,3.38,96.1,4,4,0,75.9,3.74,1,Not Promoted,Exceeds Expectations,No,Q1 2026
EMP1372,Sales,Sales Executive,Manager,Bengaluru,2022-01-09 0:00:00,4.7,Hybrid,TEAM133,22,21,0,1,7.3,5.2,6,6,100,43,41,95.3,3,3,83.7,4.55,94.7,5,5,0,70.4,3.2,2,Not Promoted,Exceptional,No,Q1 2026
EMP1373,Sales,Sales Executive,Mid,Chennai,2022-01-19 0:00:00,4.7,On-site,TEAM136,22,21,0,1,8.4,5.7,8,9,112.5,65,59,90.8,3,3,67.9,3.89,93,5,5,0,66.9,2.57,2,Promoted,Exceptional,Yes,Q2 2026
EMP1374,IT,Data Analyst,Mid,Delhi NCR,2022-05-09 0:00:00,4.4,On-site,TEAM117,23,21,2,0,5.7,14,7,6,85.7,75,59,78.7,2,2,77.1,4.63,82.5,4,4,0,78.2,3.64,1,Not Promoted,Exceeds Expectations,No,Q2 2026
EMP1375,Sales,Account Manager,Manager,Pune,2022-05-07 0:00:00,4.4,Hybrid,TEAM139,21,20,1,0,14,3.9,5,4,80,88,73,83,3,2,82.7,4.33,80.2,3,3,0,62.4,3.53,1,Not Promoted,Meets Expectations,No,Q4 2026
EMP1376,Finance,Finance Manager,Junior,Bengaluru,2019-10-22 0:00:00,6.9,Hybrid,TEAM134,21,18,1,2,6.7,9.3,6,4,66.7,60,59,98.3,1,1,75.1,4.17,85.3,3,2,1,64.5,4.14,1,Not Promoted,Meets Expectations,Yes,Q1 2026
EMP1377,Customer Support,Customer Support Executive,Manager,Pune,2018-06-09 0:00:00,8.3,Remote,TEAM112,23,23,0,0,10.9,5.7,4,3,75,51,44,86.3,2,1,84.9,3.61,76,3,2,1,54.7,2.93,2,Not Promoted,Meets Expectations,No,Q1 2026
EMP1378,Sales,Sales Executive,Senior,Chennai,2024-09-25 0:00:00,2,Remote,TEAM105,21,20,0,1,7.6,6.8,5,5,100,90,72,80,2,2,88.5,3.33,91.3,4,4,0,64.6,3.3,2,Not Promoted,Exceeds Expectations,No,Q1 2026
EMP1379,Product,Product Analyst,Junior,Mumbai,2020-10-08 0:00:00,6,Hybrid,TEAM148,23,23,0,0,2.4,5,5,5,100,68,68,100,2,2,86.1,3.75,100,4,4,0,82.3,3.22,1,Not Promoted,Exceeds Expectations,No,Q4 2026
EMP1380,Finance,Finance Manager,Mid,Delhi NCR,2018-02-22 0:00:00,8.6,Hybrid,TEAM140,20,17,2,1,13.9,15.4,5,5,100,43,43,100,2,2,68.1,4.84,93,5,5,0,55.8,3.42,5,Not Promoted,Exceptional,Yes,Q1 2026
EMP1381,Sales,Sales Manager,Senior,Hyderabad,2024-09-21 0:00:00,2,Hybrid,TEAM127,21,17,3,1,11.4,7.3,8,5,62.5,90,80,88.9,3,2,82.7,4.49,77.6,3,3,0,88.2,2.59,1,Not Promoted,Meets Expectations,Yes,Q4 2026
EMP1382,IT,Data Analyst,Junior,Bengaluru,2025-12-04 0:00:00,0.8,On-site,TEAM140,20,15,2,3,6.3,7.4,8,8,100,85,67,78.8,3,3,83.4,3.7,86.4,4,4,0,56.7,3.04,3,Not Promoted,Exceeds Expectations,No,Q3 2026
EMP1383,IT,Data Analyst,Mid,Mumbai,2020-11-11 0:00:00,5.9,Remote,TEAM113,22,19,1,2,9.6,2.2,6,3,50,47,46,97.9,1,1,78.6,3.75,86.1,3,3,0,73.8,4.15,3,Not Promoted,Meets Expectations,Yes,Q4 2026
EMP1384,Customer Support,Customer Success Specialist,Mid,Mumbai,2020-11-19 0:00:00,5.8,Hybrid,TEAM126,22,21,0,1,14.3,3.4,8,8,100,39,33,84.6,4,3,84.8,3.49,85,4,3,1,80.4,3.01,5,Not Promoted,Exceeds Expectations,No,Q3 2026
EMP1385,Product,Product Analyst,Mid,Bengaluru,2025-07-13 0:00:00,1.2,Hybrid,TEAM114,22,20,2,0,21.1,7.5,8,6,75,75,74,98.7,3,2,84.5,3.15,84.8,4,4,0,85,4.5,3,Not Promoted,Exceeds Expectations,No,Q1 2026
EMP1386,Product,Product Analyst,Junior,Mumbai,2024-04-26 0:00:00,2.4,On-site,TEAM132,21,19,1,1,9,5.2,8,8,100,47,40,85.1,1,1,81.2,4.06,91.8,5,5,0,86.2,4.43,1,Not Promoted,Exceptional,No,Q3 2026
EMP1387,Finance,Accountant,Senior,Guwahati,2021-05-13 0:00:00,5.4,Hybrid,TEAM111,21,18,1,2,8,2.3,6,4,66.7,35,35,100,2,1,73,4.95,79.7,3,3,0,71.6,4.34,1,Not Promoted,Meets Expectations,Yes,Q4 2026
EMP1388,Marketing,Marketing Executive,Manager,Guwahati,2022-02-03 0:00:00,4.6,Hybrid,TEAM138,20,16,1,3,8.8,10.2,6,6,100,59,50,84.7,3,3,81.8,4.96,92.2,5,5,0,72.7,3.72,3,Promoted,Exceptional,No,Q2 2026
EMP1389,Product,Product Manager,Manager,Bengaluru,2025-09-24 0:00:00,1,Remote,TEAM116,21,19,1,1,5.8,2.4,7,4,57.1,81,81,100,2,2,98.8,4.33,88.1,4,3,1,81.2,3.75,0,Not Promoted,Meets Expectations,Yes,Q3 2026
EMP1390,Product,UX Designer,Senior,Chennai,2022-01-29 0:00:00,4.7,Hybrid,TEAM122,23,23,0,0,8.6,16.8,7,5,71.4,38,35,92.1,3,2,78.5,3.67,75.2,3,3,0,76.1,3.97,0,Not Promoted,Meets Expectations,No,Q3 2026
EMP1391,Customer Support,Customer Success Specialist,Junior,Delhi NCR,2020-11-01 0:00:00,5.9,Hybrid,TEAM147,21,18,0,3,5.4,8.2,7,5,71.4,70,70,100,3,2,91.4,3.2,87.2,4,4,0,68.3,4.54,1,Not Promoted,Exceeds Expectations,No,Q1 2026
EMP1392,Operations,Operations Manager,Senior,Chennai,2023-05-05 0:00:00,3.4,Remote,TEAM116,22,21,0,1,6,5.6,7,4,57.1,86,73,84.9,2,2,82.3,4.58,81.9,4,4,0,78,4.58,0,Not Promoted,Meets Expectations,Yes,Q4 2026
EMP1393,HR,HR Executive,Junior,Mumbai,2020-04-29 0:00:00,6.4,On-site,TEAM113,22,17,0,5,4.2,4.7,5,4,80,44,34,77.3,1,1,74.8,4.25,82.7,3,3,0,70.1,2.62,2,Not Promoted,Meets Expectations,No,Q3 2026
EMP1394,Product,Product Manager,Junior,Bengaluru,2018-12-20 0:00:00,7.8,Hybrid,TEAM112,21,20,0,1,7.5,3.2,5,6,120,62,42,67.7,2,2,79.3,3.83,91.8,4,4,0,65.8,3.09,3,Not Promoted,Exceeds Expectations,No,Q3 2026
EMP1395,HR,HR Executive,Mid,Mumbai,2021-01-03 0:00:00,5.7,On-site,TEAM118,22,20,1,1,7.8,0.9,7,8,114.3,40,40,100,1,1,81.8,3.73,96.8,5,5,0,69.9,3.01,2,Not Promoted,Exceptional,No,Q3 2026
EMP1396,Customer Support,Support Team Lead,Mid,Mumbai,2025-12-30 0:00:00,0.7,Hybrid,TEAM129,20,14,1,5,10.2,2.9,7,6,85.7,61,55,90.2,2,2,87.9,4.33,93.9,4,4,0,80.2,4.27,1,Not Promoted,Exceeds Expectations,No,Q3 2026
EMP1397,Customer Support,Support Team Lead,Senior,Bengaluru,2022-10-06 0:00:00,4,Remote,TEAM118,20,18,2,0,2.8,7.6,4,4,100,90,70,77.8,3,3,100,3.55,90.7,5,4,1,61.9,3.18,3,Not Promoted,Exceptional,No,Q2 2026
EMP1398,Operations,Operations Manager,Senior,Delhi NCR,2022-01-04 0:00:00,4.7,On-site,TEAM146,20,16,2,2,12.4,2,5,4,80,46,46,100,2,1,82.5,4.13,85.5,4,4,0,88.6,3.75,3,Not Promoted,Exceeds Expectations,No,Q4 2026
EMP1399,Product,Product Analyst,Mid,Bengaluru,2020-09-17 0:00:00,6,Remote,TEAM102,22,20,1,1,6.5,4.3,4,4,100,86,86,100,4,2,70.9,3.33,84.6,4,4,0,65.6,4.77,2,Promoted,Exceeds Expectations,No,Q1 2026
EMP1400,Product,Product Analyst,Junior,Delhi NCR,2021-06-18 0:00:00,5.3,On-site,TEAM102,21,19,1,1,1,15.7,4,3,75,82,82,100,2,2,67.1,5,83,4,4,0,42.4,4.15,2,Promoted,Exceeds Expectations,Yes,Q1 2026
EMP1401,Sales,Sales Executive,Manager,Delhi NCR,2023-02-28 0:00:00,3.6,Remote,TEAM103,22,22,0,0,11.5,3.4,8,7,87.5,37,28,75.7,3,3,78.2,3.62,82.5,4,3,1,80.5,4.7,0,Not Promoted,Meets Expectations,No,Q2 2026
EMP1402,Customer Support,Customer Support Executive,Mid,Bengaluru,2022-12-15 0:00:00,3.8,Hybrid,TEAM129,21,20,1,0,5.7,1.3,6,6,100,80,80,100,3,3,71.8,4.36,97.7,5,4,1,37.4,2.91,4,Not Promoted,Exceptional,Yes,Q4 2026
EMP1403,Operations,Operations Manager,Mid,Guwahati,2024-05-30 0:00:00,2.3,Remote,TEAM108,21,18,1,2,20.9,2.1,5,4,80,67,63,94,4,3,87,3.34,90,4,4,0,58.8,1.79,0,Not Promoted,Meets Expectations,No,Q3 2026
EMP1404,Product,UX Designer,Junior,Hyderabad,2024-03-06 0:00:00,2.6,On-site,TEAM111,22,18,2,2,3.5,16.4,7,6,85.7,44,44,100,3,3,87.1,3.91,95.4,5,5,0,100,3.74,0,Promoted,Exceptional,No,Q2 2026
EMP1405,Finance,Accountant,Senior,Mumbai,2021-01-16 0:00:00,5.7,Remote,TEAM112,22,20,1,1,9.4,6.1,7,6,85.7,65,62,95.4,1,1,80.7,4.49,91.6,4,4,0,89,2.95,2,Not Promoted,Exceeds Expectations,No,Q4 2026
EMP1406,Customer Support,Customer Success Specialist,Senior,Guwahati,2020-03-28 0:00:00,6.5,Hybrid,TEAM132,20,16,1,3,3.9,2.9,6,6,100,49,45,91.8,4,4,87.9,4.61,94.7,5,5,0,88.2,2.62,3,Not Promoted,Exceptional,No,Q3 2026
EMP1407,HR,HR Executive,Junior,Chennai,2022-12-05 0:00:00,3.8,Hybrid,TEAM104,21,20,0,1,1.1,7.4,5,3,60,41,41,100,3,3,82.6,4.42,88.7,3,4,-1,56.6,4.3,0,Not Promoted,Meets Expectations,Yes,Q2 2026
EMP1408,Sales,Sales Manager,Junior,Guwahati,2023-05-15 0:00:00,3.4,Remote,TEAM109,22,20,2,0,25,2.6,7,6,85.7,70,69,98.6,1,1,98.8,3.92,95.2,4,4,0,71,3.13,2,Not Promoted,Exceeds Expectations,No,Q4 2026
EMP1409,Customer Support,Support Team Lead,Senior,Hyderabad,2024-09-03 0:00:00,2.1,On-site,TEAM124,21,20,0,1,6.6,0.7,7,8,114.3,48,48,100,3,2,87.6,3.63,96.1,5,4,1,92,3.4,2,Promoted,Exceptional,No,Q1 2026
EMP1410,Sales,Sales Manager,Mid,Chennai,2024-06-30 0:00:00,2.2,Remote,TEAM149,22,20,1,1,4.7,12.9,8,8,100,90,77,85.6,3,3,90.1,3.41,93.9,4,4,0,82.6,3.59,2,Not Promoted,Exceeds Expectations,No,Q1 2026
EMP1411,Finance,Accountant,Junior,Bengaluru,2020-06-07 0:00:00,6.3,On-site,TEAM116,21,19,0,2,11.6,4.7,4,4,100,82,72,87.8,2,1,69,4.83,75.6,4,4,0,89.6,4.97,0,Not Promoted,Exceeds Expectations,Yes,Q4 2026
EMP1412,Customer Support,Customer Success Specialist,Manager,Bengaluru,2023-01-30 0:00:00,3.7,Hybrid,TEAM117,21,17,1,3,8.9,9.1,7,6,85.7,48,35,72.9,2,2,71.5,4.06,82.2,3,3,0,96.3,3.86,2,Not Promoted,Partially Meets Expectations,Yes,Q1 2026
EMP1413,Customer Support,Support Team Lead,Junior,Bengaluru,2021-03-26 0:00:00,5.5,Hybrid,TEAM147,20,15,1,4,1.1,4.5,5,5,100,37,31,83.8,3,2,86.3,4.16,84.6,5,5,0,83.9,4.46,3,Not Promoted,Exceptional,No,Q4 2026
EMP1414,IT,IT Support Specialist,Mid,Bengaluru,2019-10-30 0:00:00,6.9,On-site,TEAM122,21,17,2,2,4.1,5.7,6,6,100,83,81,97.6,3,2,68.1,4.64,83.7,5,5,0,57.4,3.37,2,Not Promoted,Exceptional,Yes,Q3 2026
EMP1415,IT,IT Support Specialist,Manager,Bengaluru,2019-09-25 0:00:00,7,On-site,TEAM107,22,21,1,0,4.1,5.7,8,9,112.5,87,83,95.4,2,2,76.4,4.32,99.7,5,5,0,83.5,2.81,0,Promoted,Exceptional,No,Q4 2026
EMP1416,Operations,Operations Analyst,Mid,Hyderabad,2025-03-09 0:00:00,1.5,On-site,TEAM110,21,18,2,1,2.4,7.2,5,3,60,80,64,80,1,1,92.6,3.93,83.4,3,2,1,68.3,2.91,0,Not Promoted,Meets Expectations,Yes,Q3 2026
EMP1417,Finance,Finance Manager,Mid,Guwahati,2022-07-01 0:00:00,4.2,Hybrid,TEAM129,22,19,1,2,5.7,1.7,8,5,62.5,84,84,100,2,2,76.2,4.41,81.7,4,4,0,55.2,3.55,2,Not Promoted,Exceeds Expectations,Yes,Q2 2026
EMP1418,Finance,Finance Manager,Mid,Mumbai,2018-05-17 0:00:00,8.4,Hybrid,TEAM136,22,21,1,0,6.8,12.3,4,4,100,37,37,100,3,3,71.1,3.66,92.2,4,3,1,86.3,3.93,1,Not Promoted,Exceeds Expectations,No,Q4 2026
EMP1419,IT,Software Engineer,Junior,Chennai,2023-05-01 0:00:00,3.4,Hybrid,TEAM124,22,22,0,0,13.6,7.7,7,6,85.7,56,45,80.4,3,2,88,3.15,83.1,3,3,0,89.3,4.25,2,Not Promoted,Meets Expectations,No,Q2 2026
EMP1420,Product,Product Analyst,Manager,Pune,2022-08-25 0:00:00,4.1,On-site,TEAM146,22,17,1,4,8,4.8,5,4,80,53,47,88.7,2,1,100,4.78,79.7,5,5,0,73,4.08,1,Not Promoted,Exceptional,No,Q1 2026
EMP1421,Product,Product Manager,Mid,Delhi NCR,2019-03-04 0:00:00,7.6,On-site,TEAM114,21,18,1,2,1.9,13.1,6,4,66.7,69,58,84.1,2,2,74.7,3.7,83.8,3,3,0,76.4,4.35,1,Not Promoted,Meets Expectations,Yes,Q3 2026
EMP1422,Product,UX Designer,Senior,Bengaluru,2022-01-15 0:00:00,4.7,Hybrid,TEAM114,21,17,1,3,4.5,9,4,3,75,46,41,89.1,1,1,93,3.83,87,3,3,0,43,2.93,2,Not Promoted,Meets Expectations,Yes,Q4 2026
EMP1423,Sales,Sales Manager,Junior,Delhi NCR,2025-04-13 0:00:00,1.5,On-site,TEAM125,22,20,0,2,11.1,1.6,4,3,75,88,82,93.2,3,2,73.6,3.88,82.7,3,3,0,88.3,5,0,Not Promoted,Meets Expectations,No,Q2 2026
EMP1424,Operations,Operations Executive,Junior,Delhi NCR,2020-03-29 0:00:00,6.5,Remote,TEAM146,21,18,3,0,8.4,10.1,8,10,125,39,32,82.1,1,1,81,3.67,92.5,5,5,0,86.2,5,3,Promoted,Exceptional,No,Q3 2026
EMP1425,Sales,Account Manager,Junior,Mumbai,2023-12-29 0:00:00,2.7,Remote,TEAM122,22,21,0,1,5.4,3,4,3,75,44,38,86.4,1,1,81.4,4.61,84.7,4,4,0,76.4,3.43,2,Not Promoted,Meets Expectations,No,Q3 2026
EMP1426,Operations,Operations Executive,Mid,Bengaluru,2021-01-11 0:00:00,5.7,Hybrid,TEAM150,21,18,2,1,1.8,1.3,5,4,80,75,68,90.7,1,1,75,4.21,85.4,3,3,0,54.9,3.03,0,Not Promoted,Meets Expectations,No,Q1 2026
EMP1427,Operations,Operations Executive,Mid,Pune,2024-02-03 0:00:00,2.6,Hybrid,TEAM147,22,14,5,3,22.5,2.5,8,8,100,67,63,94,2,1,89.9,3.83,86.5,4,4,0,50.9,2.35,3,Not Promoted,Exceeds Expectations,No,Q1 2026
EMP1428,Customer Support,Customer Support Executive,Senior,Mumbai,2018-07-17 0:00:00,8.2,Remote,TEAM123,22,21,0,1,26.4,15,4,4,100,47,47,100,2,1,68.1,3.3,85.7,4,4,0,100,4.11,2,Promoted,Exceeds Expectations,Yes,Q3 2026
EMP1429,HR,HR Executive,Mid,Bengaluru,2025-04-25 0:00:00,1.4,On-site,TEAM132,22,21,1,0,9.5,8.7,6,6,100,69,62,89.9,2,2,83.8,4.17,92.4,5,5,0,60.7,3.9,1,Promoted,Exceptional,No,Q3 2026
EMP1430,Sales,Sales Manager,Manager,Mumbai,2023-06-19 0:00:00,3.3,On-site,TEAM126,22,20,1,1,6.4,6.3,5,5,100,85,72,84.7,3,3,91.7,2.65,92.5,4,5,-1,75.2,3.38,2,Not Promoted,Exceeds Expectations,No,Q4 2026
EMP1431,Marketing,Marketing Manager,Junior,Mumbai,2025-07-01 0:00:00,1.2,On-site,TEAM127,22,21,1,0,4.8,7.6,6,5,83.3,66,64,97,1,1,89.1,4.13,91.4,4,4,0,60.5,3.79,2,Not Promoted,Exceeds Expectations,No,Q3 2026
EMP1432,Product,Product Analyst,Senior,Pune,2024-09-14 0:00:00,2,Hybrid,TEAM145,22,21,0,1,8.6,9.8,6,5,83.3,45,42,93.3,2,2,86.4,4.74,86.9,4,4,0,41.8,2.52,1,Not Promoted,Exceeds Expectations,Yes,Q4 2026
EMP1433,IT,Data Analyst,Senior,Hyderabad,2019-04-16 0:00:00,7.4,On-site,TEAM112,22,21,0,1,17.2,4.8,8,8,100,82,72,87.8,4,3,96.3,4.04,88.6,5,5,0,80.6,4.43,2,Not Promoted,Exceptional,No,Q3 2026
EMP1434,Sales,Account Manager,Senior,Hyderabad,2024-03-15 0:00:00,2.5,Hybrid,TEAM119,20,16,2,2,7.1,13.5,7,5,71.4,72,68,94.4,2,2,80,4.66,84.2,4,3,1,81.7,3.47,3,Not Promoted,Exceeds Expectations,No,Q1 2026
EMP1435,Sales,Account Manager,Senior,Guwahati,2023-05-03 0:00:00,3.4,Remote,TEAM119,21,18,2,1,4.1,5.8,8,7,87.5,58,50,86.2,2,1,68.3,3.32,70,3,4,-1,48.6,3.67,3,Not Promoted,Meets Expectations,Yes,Q4 2026
EMP1436,IT,Data Analyst,Senior,Mumbai,2020-07-17 0:00:00,6.2,Remote,TEAM134,21,20,0,1,21.1,1.2,5,5,100,69,58,84.1,1,1,83.2,5,89.9,5,5,0,91,4.05,0,Not Promoted,Exceptional,No,Q2 2026
EMP1437,Sales,Sales Executive,Mid,Mumbai,2023-07-04 0:00:00,3.2,Hybrid,TEAM132,23,21,1,1,3.6,16.7,5,5,100,53,38,71.7,3,2,80.9,4.6,77.3,4,4,0,65.9,2.38,2,Not Promoted,Exceeds Expectations,No,Q1 2026
EMP1438,Product,UX Designer,Junior,Guwahati,2025-05-03 0:00:00,1.4,On-site,TEAM129,21,19,1,1,4.8,1.7,8,5,62.5,40,35,87.5,2,1,63,4.26,72.3,3,3,0,56.5,4.11,2,Not Promoted,Meets Expectations,Yes,Q4 2026
EMP1439,IT,Data Analyst,Junior,Bengaluru,2020-06-24 0:00:00,6.3,Remote,TEAM121,22,20,1,1,9,11.6,7,7,100,74,54,73,3,2,71.9,3.67,74.7,4,4,0,57.1,3.06,3,Not Promoted,Exceeds Expectations,No,Q4 2026
EMP1440,Sales,Sales Executive,Senior,Hyderabad,2024-02-01 0:00:00,2.6,Hybrid,TEAM135,22,20,1,1,3.8,1,8,7,87.5,88,74,84.1,2,2,70.7,3.58,86.3,3,2,1,84.9,3.98,4,Not Promoted,Meets Expectations,No,Q2 2026
EMP1441,Sales,Account Manager,Mid,Bengaluru,2018-01-23 0:00:00,8.7,On-site,TEAM142,22,21,0,1,11.3,6.4,5,5,100,79,76,96.2,2,2,74.7,3.96,94,5,4,1,47.8,2.56,1,Promoted,Exceptional,Yes,Q4 2026
EMP1442,Customer Support,Customer Success Specialist,Senior,Delhi NCR,2018-08-23 0:00:00,8.1,On-site,TEAM105,22,21,1,0,6,3.4,7,7,100,78,58,74.4,3,3,78.8,4.66,89.1,4,4,0,55.4,3.24,2,Not Promoted,Meets Expectations,No,Q3 2026
EMP1443,HR,HR Executive,Mid,Bengaluru,2021-01-29 0:00:00,5.7,Remote,TEAM112,21,20,0,1,2.2,7.7,5,6,120,76,67,88.2,4,3,79.2,3.28,89.2,5,4,1,80.9,4.05,1,Not Promoted,Exceptional,No,Q2 2026
EMP1444,HR,HR Manager,Junior,Guwahati,2020-07-17 0:00:00,6.2,Hybrid,TEAM107,21,20,1,0,11.5,16.2,7,8,114.3,69,63,91.3,1,1,75,4.01,96.9,5,5,0,78.8,3.09,1,Not Promoted,Exceptional,No,Q1 2026
EMP1445,Product,UX Designer,Junior,Bengaluru,2019-06-07 0:00:00,7.3,Remote,TEAM141,22,19,2,1,32,4.6,7,8,114.3,38,33,86.8,3,2,70.7,4.4,83.9,5,5,0,60.6,2.94,2,Not Promoted,Exceptional,No,Q1 2026
EMP1446,Customer Support,Customer Support Executive,Senior,Chennai,2022-12-14 0:00:00,3.8,Remote,TEAM102,21,21,0,0,10.1,1.8,8,9,112.5,67,57,85.1,2,1,85.4,4.51,86.5,5,5,0,93.1,4.01,3,Not Promoted,Exceptional,No,Q3 2026
EMP1447,Customer Support,Support Team Lead,Mid,Pune,2019-03-07 0:00:00,7.6,Hybrid,TEAM125,21,17,2,2,20.8,6.4,8,7,87.5,47,44,93.6,2,2,83,4.4,96.9,4,4,0,58.3,3.47,2,Not Promoted,Exceeds Expectations,No,Q1 2026
EMP1448,Product,Product Analyst,Junior,Chennai,2020-03-03 0:00:00,6.6,Hybrid,TEAM110,22,20,1,1,16.7,4.7,8,7,87.5,90,85,94.4,2,2,83.3,3.22,91.1,3,3,0,69.8,3.93,0,Not Promoted,Meets Expectations,No,Q4 2026
EMP1449,HR,HR Executive,Mid,Mumbai,2022-06-18 0:00:00,4.3,Hybrid,TEAM138,22,20,1,1,5.1,2.2,7,7,100,70,63,90,2,2,98,4.62,96.4,5,5,0,70.1,3.46,2,Not Promoted,Exceptional,No,Q4 2026
EMP1450,Sales,Sales Executive,Junior,Bengaluru,2022-10-03 0:00:00,4,Hybrid,TEAM144,20,18,2,0,6.6,8.5,7,7,100,88,75,85.2,2,1,83.5,4.04,79.8,5,5,0,70.8,4.12,4,Promoted,Exceptional,No,Q3 2026
EMP1451,Product,UX Designer,Mid,Delhi NCR,2019-06-17 0:00:00,7.3,Hybrid,TEAM106,22,21,0,1,11.7,0.4,5,4,80,77,76,98.7,2,2,78.7,3.4,94.1,4,5,-1,70.4,3.34,3,Not Promoted,Exceeds Expectations,No,Q1 2026
EMP1452,Operations,Operations Executive,Junior,Mumbai,2022-10-13 0:00:00,4,Hybrid,TEAM127,22,17,2,3,13.3,2.9,6,6,100,53,41,77.4,1,1,81,3.99,93.8,4,4,0,71.1,4.1,0,Not Promoted,Exceeds Expectations,No,Q1 2026
EMP1453,Operations,Operations Analyst,Senior,Pune,2022-08-03 0:00:00,4.1,Hybrid,TEAM135,21,20,0,1,9.5,7.4,8,7,87.5,77,75,97.4,1,1,82.9,2.92,94.2,4,4,0,69.6,3.11,1,Promoted,Meets Expectations,No,Q3 2026
EMP1454,Customer Support,Support Team Lead,Mid,Guwahati,2021-08-09 0:00:00,5.1,Remote,TEAM110,23,22,1,0,23.9,2.9,5,4,80,46,43,93.5,3,3,87.5,4.32,86,4,4,0,70.7,3.31,0,Not Promoted,Exceeds Expectations,No,Q2 2026
EMP1455,Sales,Sales Manager,Mid,Mumbai,2025-10-28 0:00:00,0.9,Hybrid,TEAM109,22,21,1,0,16.9,1.8,5,5,100,45,41,91.1,4,4,81.6,3.93,90.1,5,5,0,89.7,4.37,5,Promoted,Exceptional,No,Q1 2026
EMP1456,Operations,Operations Manager,Junior,Bengaluru,2020-07-01 0:00:00,6.2,Hybrid,TEAM120,22,20,0,2,9.6,9.2,4,3,75,40,36,90,3,2,64.5,3.3,78.9,2,2,0,67.7,3.34,1,Not Promoted,Partially Meets Expectations,Yes,Q2 2026
EMP1457,Sales,Sales Manager,Junior,Bengaluru,2021-01-29 0:00:00,5.7,Hybrid,TEAM137,22,18,2,2,10.7,6.5,8,10,125,46,33,71.7,2,1,78.1,3.84,76.8,5,5,0,84.1,3.08,0,Promoted,Exceptional,No,Q1 2026
EMP1458,Operations,Operations Analyst,Mid,Hyderabad,2022-03-06 0:00:00,4.6,Hybrid,TEAM135,20,17,2,1,0.5,2.3,5,3,60,61,61,100,2,2,82,3.61,86,3,2,1,74.1,4.87,1,Not Promoted,Meets Expectations,Yes,Q1 2026
EMP1459,Sales,Sales Manager,Mid,Mumbai,2021-08-20 0:00:00,5.1,Hybrid,TEAM137,21,16,1,4,12.1,4.7,4,3,75,75,74,98.7,3,2,93.7,3.65,84.7,4,4,0,78.9,3.77,0,Not Promoted,Exceeds Expectations,No,Q1 2026
EMP1460,Sales,Sales Manager,Mid,Mumbai,2025-12-28 0:00:00,0.7,On-site,TEAM140,21,18,2,1,11.3,10.5,8,7,87.5,59,47,79.7,4,4,74.9,2.76,83.9,3,3,0,83.3,4.14,1,Not Promoted,Meets Expectations,No,Q1 2026
EMP1461,Sales,Sales Executive,Junior,Mumbai,2025-01-31 0:00:00,1.6,Hybrid,TEAM108,21,18,1,2,4.7,0.9,7,7,100,76,74,97.4,2,1,67.3,3.08,81.5,4,4,0,57.1,2.1,0,Promoted,Exceeds Expectations,Yes,Q4 2026
EMP1462,IT,IT Manager,Senior,Mumbai,2020-10-20 0:00:00,5.9,On-site,TEAM146,21,18,2,1,3.3,13.8,4,4,100,37,34,91.9,3,2,82.6,3.87,81.4,5,5,0,83.1,4.7,3,Not Promoted,Exceptional,No,Q2 2026
EMP1463,Product,UX Designer,Senior,Hyderabad,2022-04-26 0:00:00,4.4,Hybrid,TEAM131,23,19,3,1,3.3,6.9,7,6,85.7,37,31,83.8,4,3,89.8,3.78,80.1,4,4,0,70.3,5,3,Promoted,Exceeds Expectations,No,Q2 2026
EMP1464,IT,Data Analyst,Senior,Pune,2021-10-10 0:00:00,5,Hybrid,TEAM149,22,16,1,5,16.6,5.4,6,4,66.7,54,54,100,3,3,78.5,4.54,84.2,4,4,0,59.9,4.41,1,Not Promoted,Exceeds Expectations,Yes,Q1 2026
EMP1465,Customer Support,Customer Success Specialist,Junior,Chennai,2022-02-28 0:00:00,4.6,Hybrid,TEAM143,22,19,2,1,1.7,9.1,6,4,66.7,62,53,85.5,2,1,100,3.65,74.8,4,4,0,83.7,4.74,2,Not Promoted,Meets Expectations,Yes,Q1 2026
EMP1466,HR,HR Analyst,Mid,Hyderabad,2022-08-09 0:00:00,4.1,Remote,TEAM116,22,21,1,0,5.1,9.6,6,5,83.3,57,57,100,1,1,100,3.71,96.7,5,4,1,68.9,3.42,0,Promoted,Exceptional,No,Q2 2026
EMP1467,Finance,Accountant,Junior,Bengaluru,2023-06-21 0:00:00,3.3,Hybrid,TEAM128,22,21,0,1,2.1,1.5,6,4,66.7,82,78,95.1,2,2,81.3,3.74,87.4,3,3,0,77.6,3.94,3,Not Promoted,Meets Expectations,Yes,Q4 2026
EMP1468,Customer Support,Support Team Lead,Junior,Hyderabad,2018-08-15 0:00:00,8.1,Hybrid,TEAM106,21,20,1,0,3.6,4.3,5,4,80,37,37,100,2,2,83.7,3.89,94.5,4,3,1,36,3.68,0,Not Promoted,Exceeds Expectations,Yes,Q3 2026
EMP1469,Marketing,Marketing Manager,Manager,Mumbai,2021-06-13 0:00:00,5.3,Hybrid,TEAM132,21,21,0,0,3.8,4.2,6,6,100,76,73,96.1,2,1,94.3,4.05,88.6,5,5,0,85.1,3.4,2,Promoted,Exceptional,No,Q3 2026
EMP1470,Customer Support,Customer Success Specialist,Junior,Bengaluru,2020-05-22 0:00:00,6.3,Hybrid,TEAM128,21,21,0,0,0.2,6.6,5,4,80,58,55,94.8,2,1,81.2,3.78,78,4,3,1,100,3.92,1,Not Promoted,Meets Expectations,No,Q2 2026
EMP1471,Sales,Account Manager,Mid,Pune,2020-06-10 0:00:00,6.3,On-site,TEAM111,22,19,2,1,7,16.3,5,6,120,77,71,92.2,3,3,74.8,4.31,95.5,5,5,0,75.6,3.11,3,Promoted,Exceptional,No,Q1 2026
EMP1472,Customer Support,Support Team Lead,Mid,Guwahati,2022-01-18 0:00:00,4.7,On-site,TEAM142,21,20,1,0,3.2,5.4,8,8,100,74,61,82.4,2,2,90,5,94,5,5,0,71.7,3.46,1,Not Promoted,Exceptional,No,Q1 2026
EMP1473,Sales,Account Manager,Senior,Pune,2020-11-02 0:00:00,5.9,Hybrid,TEAM123,22,19,2,1,12.8,25.4,5,3,60,40,36,90,2,2,86.2,3.55,84.5,3,3,0,65.6,4.2,0,Promoted,Meets Expectations,Yes,Q4 2026
EMP1474,Customer Support,Customer Support Executive,Mid,Mumbai,2024-03-07 0:00:00,2.6,Hybrid,TEAM130,20,19,0,1,18,3.2,5,4,80,54,54,100,2,1,74.7,4.22,78.9,4,4,0,81.4,2.67,1,Not Promoted,Exceeds Expectations,No,Q3 2026
EMP1475,Operations,Operations Analyst,Junior,Delhi NCR,2025-08-20 0:00:00,1.1,On-site,TEAM109,22,19,0,3,9.7,6.5,6,3,50,45,44,97.8,3,3,84.5,4.02,83,3,3,0,67.1,4.29,0,Not Promoted,Partially Meets Expectations,Yes,Q4 2026
EMP1476,Customer Support,Customer Success Specialist,Mid,Delhi NCR,2019-02-01 0:00:00,7.6,On-site,TEAM128,22,21,0,1,7,4,5,4,80,66,63,95.5,3,2,80.6,4.58,80.9,4,4,0,82.2,2.8,5,Not Promoted,Exceeds Expectations,No,Q3 2026
EMP1477,Sales,Sales Executive,Mid,Pune,2021-01-28 0:00:00,5.7,On-site,TEAM124,22,18,3,1,15.7,5.4,7,7,100,61,42,68.9,1,1,78.5,4.11,85.4,4,4,0,98.1,4.02,0,Not Promoted,Exceeds Expectations,No,Q2 2026
EMP1478,Operations,Operations Executive,Junior,Delhi NCR,2023-09-10 0:00:00,3,Remote,TEAM128,23,20,2,1,2.8,6.6,6,5,83.3,55,48,87.3,3,2,74.9,3.6,79.3,3,3,0,84.5,3.94,3,Promoted,Meets Expectations,No,Q3 2026
EMP1479,Customer Support,Support Team Lead,Mid,Delhi NCR,2019-10-11 0:00:00,7,Hybrid,TEAM124,22,20,2,0,6.1,11.3,4,4,100,78,68,87.2,2,2,83.1,3.36,96.2,4,3,1,71.2,4.08,0,Not Promoted,Exceeds Expectations,No,Q4 2026
EMP1480,Operations,Operations Manager,Junior,Guwahati,2018-11-25 0:00:00,7.8,Hybrid,TEAM115,23,18,4,1,2.9,3.3,6,4,66.7,82,65,79.3,1,1,79.6,4.34,79.3,3,3,0,56.5,3.45,2,Not Promoted,Meets Expectations,Yes,Q4 2026
EMP1481,IT,IT Manager,Junior,Mumbai,2022-01-22 0:00:00,4.7,On-site,TEAM139,23,22,1,0,6.5,5.2,5,5,100,84,83,98.8,3,3,84.6,3.4,97.6,5,5,0,68.5,3.01,2,Promoted,Exceptional,No,Q4 2026
EMP1482,IT,IT Manager,Mid,Bengaluru,2020-08-09 0:00:00,6.1,Hybrid,TEAM150,22,19,0,3,14.2,4.8,7,5,71.4,47,33,70.2,2,2,89.4,4.65,82.2,3,2,1,70.4,3.82,2,Not Promoted,Meets Expectations,No,Q2 2026
EMP1483,Operations,Operations Executive,Junior,Hyderabad,2023-06-29 0:00:00,3.2,On-site,TEAM133,22,21,0,1,9.8,12.1,6,5,83.3,56,55,98.2,2,2,84.1,4.3,91.8,4,4,0,54.4,4.96,2,Not Promoted,Meets Expectations,No,Q3 2026
EMP1484,IT,IT Manager,Mid,Mumbai,2023-07-10 0:00:00,3.2,On-site,TEAM147,20,19,1,0,5.4,10,7,6,85.7,69,69,100,2,2,84.2,4.05,92.1,5,4,1,89.7,3.89,2,Not Promoted,Exceptional,No,Q3 2026
EMP1485,IT,Software Engineer,Senior,Hyderabad,2025-04-22 0:00:00,1.4,Hybrid,TEAM134,21,20,0,1,7.7,13.3,4,3,75,81,71,87.7,2,2,77.1,3.28,86.5,3,3,0,80.1,3.23,0,Not Promoted,Meets Expectations,No,Q4 2026
EMP1486,Customer Support,Support Team Lead,Senior,Guwahati,2023-02-22 0:00:00,3.6,On-site,TEAM122,22,21,0,1,3.2,8.2,4,3,75,56,50,89.3,2,2,92.6,4.37,90.8,5,5,0,59.6,3.29,3,Not Promoted,Exceptional,No,Q3 2026
EMP1487,Sales,Account Manager,Junior,Guwahati,2021-04-11 0:00:00,5.5,On-site,TEAM129,21,13,3,5,4.2,2.9,8,8,100,62,62,100,3,3,74.4,4.89,94.1,4,4,0,49,3.59,1,Not Promoted,Exceeds Expectations,Yes,Q1 2026
EMP1488,Finance,Financial Analyst,Junior,Hyderabad,2022-11-08 0:00:00,3.9,On-site,TEAM134,21,18,2,1,7.2,6.9,8,7,87.5,55,45,81.8,1,1,67.5,3.77,84.1,3,3,0,81.8,3.64,1,Not Promoted,Meets Expectations,Yes,Q1 2026
EMP1489,Customer Support,Support Team Lead,Junior,Guwahati,2018-06-11 0:00:00,8.3,On-site,TEAM142,23,20,1,2,27.4,5.4,6,6,100,80,77,96.2,4,2,72.4,3.59,80.8,4,4,0,50.6,3.24,1,Not Promoted,Exceeds Expectations,No,Q1 2026
EMP1490,Customer Support,Customer Success Specialist,Mid,Guwahati,2022-10-18 0:00:00,3.9,On-site,TEAM147,23,20,1,2,20.5,5.1,8,7,87.5,52,42,80.8,2,2,91.3,3.95,84.4,4,4,0,75.2,4.61,0,Not Promoted,Exceeds Expectations,No,Q3 2026
EMP1491,Operations,Operations Executive,Senior,Guwahati,2020-02-15 0:00:00,6.6,Hybrid,TEAM110,22,20,1,1,3.5,6.8,7,6,85.7,65,51,78.5,1,1,86.1,4.26,86.3,4,4,0,67.1,4.01,1,Not Promoted,Meets Expectations,No,Q2 2026
EMP1492,IT,Data Analyst,Junior,Chennai,2023-01-02 0:00:00,3.7,Remote,TEAM145,21,19,0,2,3.2,2.9,8,5,62.5,80,74,92.5,1,1,93.8,3.71,87.7,3,3,0,83.2,3.75,2,Not Promoted,Meets Expectations,Yes,Q2 2026
EMP1493,Finance,Finance Manager,Manager,Hyderabad,2024-05-10 0:00:00,2.4,Hybrid,TEAM130,20,17,0,3,8.2,2.6,7,6,85.7,71,64,90.1,2,2,70.1,4.49,91.1,4,3,1,84.8,3.78,4,Not Promoted,Exceeds Expectations,No,Q2 2026
EMP1494,Marketing,Marketing Executive,Junior,Mumbai,2020-11-17 0:00:00,5.9,Hybrid,TEAM111,20,18,1,1,4.8,11.9,8,7,87.5,55,40,72.7,2,2,100,5,89.5,4,3,1,62.6,3.74,1,Not Promoted,Exceeds Expectations,No,Q2 2026
EMP1495,Operations,Operations Analyst,Mid,Bengaluru,2024-07-01 0:00:00,2.2,On-site,TEAM134,21,17,2,2,3.1,2.5,8,9,112.5,48,48,100,1,1,79.4,4.18,97.9,5,5,0,87.8,4.24,2,Not Promoted,Exceptional,No,Q1 2026
EMP1496,HR,HR Executive,Senior,Bengaluru,2020-07-28 0:00:00,6.2,Remote,TEAM121,20,18,1,1,9,5,8,8,100,59,51,86.4,2,2,66.2,3.82,88,4,4,0,69.2,4.53,1,Not Promoted,Exceeds Expectations,Yes,Q1 2026
EMP1497,IT,Data Analyst,Senior,Hyderabad,2019-06-24 0:00:00,7.3,Hybrid,TEAM113,20,17,2,1,1.8,18.1,5,6,120,61,58,95.1,3,2,100,4.24,93.1,5,5,0,76,3.49,1,Not Promoted,Exceptional,No,Q4 2026
EMP1498,Sales,Sales Manager,Senior,Delhi NCR,2024-12-10 0:00:00,1.8,On-site,TEAM125,23,21,2,0,11.8,9.8,5,5,100,74,74,100,1,0,70.2,4.65,71,5,5,0,75.6,3.11,2,Not Promoted,Exceptional,No,Q3 2026
EMP1499,Customer Support,Support Team Lead,Senior,Bengaluru,2020-04-01 0:00:00,6.5,Hybrid,TEAM121,22,20,2,0,1,1.9,8,6,75,57,53,93,3,2,78.4,4.09,79.6,3,4,-1,100,3.64,1,Not Promoted,Meets Expectations,No,Q3 2026
EMP1500,Customer Support,Customer Support Executive,Mid,Bengaluru,2022-01-01 0:00:00,4.7,On-site,TEAM101,21,21,0,0,18.3,12.8,7,6,85.7,65,65,100,3,3,80.1,4.27,93.1,5,5,0,72.7,3.16,6,Not Promoted,Exceptional,No,Q2 2026